SF Sennestadt;0;0;0;0;;
VfB Fichte Bielefeld;0;0;0;0;;
ESV Bielefeld;0;0;0;0;;
SC Bielefeld;0;0;0;0;;
Telekom Post SV Bielefeld e.V.;0;0;0;0;;
SV Gadderbaum;0;0;0;0;;
SV Brackwede;1;7;0;0;;
TuS Joellenbeck;0;0;0;0;;
VfL Theesen;0;0;0;0;;
TuS Quelle;0;0;0;0;;
TTC Altenhagen;0;0;0;0;;
TuS 08 Senne 1 e.V.;0;0;0;0;;
TTC Dornberg;0;0;0;0;;
VfL Oldentrup;7;1;0;0;;
TuS Brake;9;3;0;0;;
CVJM Heepen;0;0;0;0;;
DJK BW Bielefeld;0;0;0;0;;
VfL Ummeln;0;0;0;0;;
TuS Vilsendorf;0;0;0;0;;
Spvg. Heepen;0;0;0;0;;
BTG Bielefeld;0;0;0;0;;
TSVE 1890 Bielefeld;0;0;0;0;;
Gadderbaumer TV;0;0;0;0;;
TuS Hillegossen;0;0;0;0;;
SV Ubbedissen;0;0;0;0;;
SC Babenhausen;0;0;0;0;;
Spvg Steinhagen;0;0;0;0;;
SC Halle;0;0;0;0;;
TTG Versmold;0;0;0;0;;
TV Werther;0;0;0;0;;
FC Stukenbrock;0;0;0;0;;
TTC Simonswerk Rheda;0;0;0;0;;
TTSG Rietberg-Neuenkirchen e.V.;6;12;0;0;;
TSG Rheda;0;0;0;0;;
SW Marienfeld;0;0;0;0;;
Post SV Guetersloh;0;0;0;0;;
SC Wiedenbrueck e.V.;0;0;0;0;;
SV Spexard;1;7;0;0;;
TSV Victoria Clarholz;0;0;0;0;;
TV Einigkeit Langenberg;1;7;0;0;;
DJK Blau-Weiss Avenwedde;10;4;2;7;;
Guetersloher Turnverein von 1879 e.V.;0;0;0;0;;
TTSV Schloss Holte-Sende;0;0;10;5;;
TSG Harsewinkel;0;0;0;0;;
DJK Guetersloh;0;0;0;0;;
TV 1912 Verl e.V.;0;0;0;0;;
SV Herzebrock;0;0;0;0;;
SV Rot-Weiss Mastholte;0;0;0;0;;
TV Isselhorst;0;0;0;0;;
SC GW Varensell;0;0;0;0;;
VfL Viktoria Mennighueffen;0;0;0;0;;
TV Westfalia Buende;0;0;0;0;;
TuS Barduettingdorf-Wallenbrueck;0;0;0;0;;
TuS Huecker-Aschen;0;0;0;0;;
TG Herford;0;0;0;0;;
SC Herford;0;0;0;0;;
TV Lenzinghausen;0;0;0;0;;
TTC Mennighueffen;8;2;0;0;;
TTC Roedinghausen;0;0;0;0;;
TTSG Loehne;0;0;0;0;;
CVJM Exter;0;0;0;0;;
SG 1910 Frisch-Auf Herringhausen-Eickum e.V.;0;0;0;0;;
CVJM Wehrendorf;0;0;0;0;;
TuS Gohfeld;0;0;0;0;;
TV Elverdissen;0;0;0;0;;
Tischtennisclub Enger;11;5;0;0;;
CVJM St. Stephan Vlotho;0;0;0;0;;
TVE Valdorf;0;0;0;0;;
TuS Stemwede;0;0;0;0;;
Holsener SV von 1964 e.V.;0;0;0;0;;
TTU Bad Oeynhausen e.V.;7;1;0;0;;
SuS Holzhausen;0;0;0;0;;
TSV Rothenuffeln;0;0;0;0;;
Spielvereinigung Union Varl;0;0;0;0;;
TuS Victoria Dehme e.V.;1;7;0;0;;
TuS Nettelstedt;0;0;0;0;;
TSV Hahlen;5;11;0;0;;
SV Boerninghausen;0;0;0;0;;
TuS Lohe;0;0;0;0;;
SV Huellhorst-Oberbauerschaft;0;0;0;0;;
RSV Westfalia Mindenerwald;0;0;0;0;;
HSC Alswede von 1946 e.V.;0;0;0;0;;
TSG Rehme;0;0;0;0;;
PSG Gewe Minden e.V.;0;0;0;0;;
SuS Veltheim;0;0;0;0;;
SV 1860 Minden;0;0;0;0;;
TuS Dielingen;0;0;0;0;;
TTG Windheim-Neuenknick;0;0;0;0;;
TG Werste;0;0;1;6;;
TuS Porta Westfalica;0;0;0;0;;
Sportverein Leteln-Weser;0;0;0;0;;
SV Kutenhausen-Todtenhausen;0;0;0;0;;
SC Blau-Weiss Vehlage;0;0;0;0;;
TuS Porta Barkhausen;0;0;0;0;;
TTC Petershagen/Friedewalde e.V.;9;3;0;0;;
TV Jahn 1892 Neesen;0;0;0;0;;
TuS Holzhausen/Porta;0;0;0;0;;
TV Hille;0;0;0;0;;
TTC Rahden;0;0;0;0;;
ATSV Espelkamp;0;0;0;0;;
TTV Luebbecke;0;0;0;0;;
TuS Wehe;0;0;0;0;;
Sport Club Blasheim;0;0;0;0;;
VfL Frotheim;0;0;0;0;;
SC Hollwede;0;0;0;0;;
TuS Wadersloh;0;0;0;0;;
TTV Lage e.V.;0;0;0;0;;
