Group_0 [10];Group_1 [10];Group_2 [10];Group_3 [10];Group_4 [10];Group_5 [10];Group_6 [10];Group_7 [10];Group_8 [10];Group_9 [10];Group_10 [10];Group_11 [10];Group_12 [10];Group_13 [10];Group_14 [10];Group_15 [10];Group_16 [10];Group_17 [10];Group_18 [10];Group_19 [10];Group_20 [10];Group_21 [10];Group_22 [10];Group_23 [10];Group_24 [10];Group_25 [10];Group_26 [10];Group_27 [10];Group_28 [10];Group_29 [10];Group_30 [10];Group_31 [10];Group_32 [10];Group_33 [10];Group_34 [10];Group_35 [10];Group_36 [10];Group_37 [10];Group_38 [10];Group_39 [10];Group_40 [10];Group_41 [10];Group_42 [10];Group_43 [10];Group_44 [10];Group_45 [10];Group_46 [10];Group_47 [10];Group_48 [10];Group_49 [10];
Club_61 1;Club_430 1;Club_70 1;Club_48 1;Club_393 1;Club_66 1;Club_206 1;Club_284 1;Club_286 1;Club_445 1;Club_91 2;Club_416 1;Club_145 1;Club_400 2;Club_3 1;Club_415 1;Club_401 3;Club_362 2;Club_105 1;Club_79 1;Club_461 1;Club_49 2;Club_381 2;Club_150 2;Club_293 1;Club_353 1;Club_170 1;Club_121 1;Club_204 2;Club_284 2;Club_472 1;Club_157 1;Club_60 2;Club_126 2;Club_15 2;Club_77 2;Club_342 2;Club_235 1;Club_227 1;Club_198 2;Club_390 1;Club_136 3;Club_440 1;Club_313 2;Club_275 1;Club_413 2;Club_302 1;Club_446 2;Club_327 4;Club_189 3;
Club_148 1;Club_377 1;Club_228 1;Club_438 1;Club_259 1;Club_217 1;Club_433 1;Club_386 1;Club_178 1;Club_412 1;Club_211 1;Club_142 1;Club_303 1;Club_168 2;Club_167 1;Club_465 1;Club_143 1;Club_384 1;Club_80 1;Club_28 1;Club_477 1;Club_339 1;Club_141 1;Club_245 2;Club_229 2;Club_358 1;Club_273 2;Club_82 1;Club_61 2;Club_58 1;Club_140 1;Club_449 3;Club_123 2;Club_347 1;Club_11 2;Club_228 3;Club_339 2;Club_477 3;Club_253 1;Club_199 3;Club_159 1;Club_279 1;Club_55 3;Club_412 3;Club_370 1;Club_258 2;Club_493 2;Club_3 2;Club_457 1;Club_28 3;
Club_1 1;Club_494 1;Club_172 1;Club_124 1;Club_216 1;Club_213 1;Club_300 1;Club_60 1;Club_20 1;Club_269 2;Club_354 1;Club_361 1;Club_46 1;Club_363 1;Club_34 1;Club_349 1;Club_183 2;Club_377 4;Club_468 1;Club_428 1;Club_118 1;Club_422 1;Club_210 1;Club_274 1;Club_113 3;Club_231 1;Club_178 2;Club_214 1;Club_493 1;Club_35 1;Club_131 1;Club_102 1;Club_33 1;Club_310 2;Club_71 2;Club_263 1;Club_294 2;Club_455 1;Club_404 1;Club_55 2;Club_432 1;Club_34 2;Club_196 1;Club_256 2;Club_387 2;Club_227 2;Club_420 1;Club_89 1;Club_35 2;Club_99 1;
Club_397 1;Club_179 1;Club_49 1;Club_332 1;Club_7 1;Club_86 1;Club_22 1;Club_497 1;Club_195 1;Club_10 1;Club_237 1;Club_447 1;Club_199 2;Club_245 1;Club_241 2;Club_382 1;Club_75 2;Club_408 2;Club_47 1;Club_132 1;Club_90 1;Club_123 1;Club_247 1;Club_412 2;Club_156 1;Club_471 1;Club_446 1;Club_54 3;Club_291 1;Club_228 2;Club_256 1;Club_305 1;Club_56 1;Club_187 1;Club_413 1;Club_369 2;Club_68 2;Club_156 2;Club_277 1;Club_151 2;Club_87 1;Club_82 2;Club_176 4;Club_456 1;Club_62 3;Club_94 2;Club_219 1;Club_290 3;Club_74 1;Club_146 1;
Club_175 1;Club_42 1;Club_220 1;Club_388 1;Club_54 1;Club_327 1;Club_276 1;Club_307 1;Club_21 1;Club_362 1;Club_377 3;Club_73 1;Club_101 1;Club_139 1;Club_496 1;Club_206 3;Club_298 1;Club_409 2;Club_174 1;Club_359 1;Club_126 1;Club_105 2;Club_221 1;Club_122 1;Club_477 2;Club_171 1;Club_93 1;Club_497 2;Club_381 3;Club_176 2;Club_411 1;Club_376 1;Club_108 1;Club_333 1;Club_182 1;Club_13 2;Club_223 3;Club_429 1;Club_72 3;Club_143 2;Club_369 3;Club_472 3;Club_290 2;Club_359 3;Club_316 1;Club_21 2;Club_364 1;Club_190 2;Club_235 2;Club_85 2;
Club_449 1;Club_323 1;Club_489 1;Club_331 1;Club_352 1;Club_136 2;Club_189 1;Club_355 1;Club_199 1;Club_400 1;Club_499 1;Club_401 2;Club_16 1;Club_265 1;Club_289 1;Club_383 1;Club_310 1;Club_436 1;Club_104 2;Club_265 2;Club_11 1;Club_337 1;Club_436 2;Club_62 1;Club_417 1;Club_28 2;Club_167 2;Club_160 1;Club_133 1;Club_304 1;Club_342 1;Club_312 1;Club_77 1;Club_155 1;Club_42 2;Club_214 2;Club_298 2;Club_72 2;Club_297 1;Club_461 2;Club_137 1;Club_95 1;Club_432 2;Club_343 2;Club_7 2;Club_369 4;Club_294 3;Club_18 1;Club_264 3;Club_314 1;
Club_341 1;Club_185 1;Club_451 1;Club_409 1;Club_136 1;Club_294 1;Club_168 1;Club_172 2;Club_103 1;Club_158 1;Club_489 2;Club_476 1;Club_229 1;Club_127 2;Club_32 1;Club_51 1;Club_341 2;Club_191 1;Club_68 1;Club_130 1;Club_351 1;Club_328 1;Club_59 1;Club_204 1;Club_397 3;Club_15 1;Club_189 2;Club_447 2;Club_176 1;Club_265 3;Club_41 1;Club_185 2;Club_472 2;Club_264 2;Club_48 3;Club_77 3;Club_85 1;Club_304 2;Club_198 1;Club_124 2;Club_356 1;Club_427 1;Club_14 1;Club_388 3;Club_494 2;Club_44 1;Club_1 2;Club_470 1;Club_406 1;Club_167 3;
Club_75 1;Club_113 1;Club_91 1;Club_19 1;Club_377 2;Club_454 1;Club_113 2;Club_206 2;Club_215 1;Club_401 1;Club_273 1;Club_424 1;Club_222 1;Club_104 1;Club_19 2;Club_13 1;Club_346 1;Club_372 1;Club_48 2;Club_382 2;Club_147 1;Club_290 1;Club_419 1;Club_54 2;Club_49 3;Club_396 1;Club_96 1;Club_66 3;Club_491 2;Club_62 2;Club_449 2;Club_50 1;Club_272 1;Club_273 3;Club_24 1;Club_72 1;Club_460 1;Club_447 3;Club_295 1;Club_448 1;Club_86 2;Club_58 2;Club_295 3;Club_143 3;Club_296 1;Club_461 3;Club_322 1;Club_58 3;Club_319 1;Club_98 1;
Club_127 1;Club_491 1;Club_264 1;Club_388 2;Club_441 2;Club_151 1;Club_467 1;Club_480 1;Club_183 1;Club_5 1;Club_63 1;Club_236 1;Club_397 2;Club_223 1;Club_478 1;Club_120 1;Club_66 2;Club_75 3;Club_142 2;Club_327 2;Club_359 2;Club_259 2;Club_71 1;Club_223 2;Club_464 1;Club_51 2;Club_148 2;Club_445 2;Club_8 1;Club_94 1;Club_132 2;Club_258 1;Club_176 3;Club_209 1;Club_182 2;Club_454 2;Club_45 1;Club_301 1;Club_23 1;Club_200 1;Club_163 1;Club_26 1;Club_426 1;Club_375 1;Club_327 3;Club_222 2;Club_129 2;Club_51 3;Club_230 1;Club_160 2;
Club_492 1;Club_441 1;Club_129 1;Club_381 1;Club_233 1;Club_165 1;Club_207 1;Club_408 1;Club_269 1;Club_313 1;Club_241 1;Club_498 1;Club_343 1;Club_260 1;Club_443 1;Club_340 1;Club_369 1;Club_401 4;Club_361 2;Club_225 1;Club_408 3;Club_36 1;Club_150 1;Club_267 1;Club_421 1;Club_372 2;Club_439 1;Club_261 1;Club_55 1;Club_467 2;Club_433 2;Club_148 3;Club_271 1;Club_212 1;Club_190 1;Club_476 2;Club_251 1;Club_387 1;Club_312 2;Club_429 2;Club_295 2;Club_324 1;Club_458 1;Club_173 1;Club_436 3;Club_369 5;Club_226 1;Club_328 2;Club_458 2;Club_368 1;
;;;;;;;;;;;;;;;;;;;;;;;;;;;;;;;;;;;;;;;;;;;;;;;;;;
;;;;;;;;;;;;;;;;;;;;;;;;;;;;;;;;;;;;;;;;;;;;;;;;;;
;;;;;;;;;;;;;;;;;;;;;;;;;;;;;;;;;;;;;;;;;;;;;;;;;;
;;;;;;;;;;;;;;;;;;;;;;;;;;;;;;;;;;;;;;;;;;;;;;;;;;
