Group_0 [10];Group_1 [10];Group_2 [10];Group_3 [10];Group_4 [10];Group_5 [10];Group_6 [10];Group_7 [10];Group_8 [10];Group_9 [10];Group_10 [10];Group_11 [10];Group_12 [10];Group_13 [10];Group_14 [10];Group_15 [10];Group_16 [10];Group_17 [10];Group_18 [10];Group_19 [10];Group_20 [10];Group_21 [10];Group_22 [10];Group_23 [10];Group_24 [10];Group_25 [10];Group_26 [10];Group_27 [10];Group_28 [10];Group_29 [10];Group_30 [10];Group_31 [10];Group_32 [10];Group_33 [10];Group_34 [10];Group_35 [10];Group_36 [10];Group_37 [10];Group_38 [10];Group_39 [10];Group_40 [10];Group_41 [10];Group_42 [10];Group_43 [10];Group_44 [10];Group_45 [10];Group_46 [10];Group_47 [10];Group_48 [10];Group_49 [10];
Club_51 1;Club_58 2;Club_82 1;Club_19 1;Club_87 1;Club_90 2;Club_55 2;Club_59 2;Club_13 1;Club_92 2;Club_57 4;Club_18 2;Club_91 2;Club_87 2;Club_41 2;Club_41 3;Club_73 3;Club_71 2;Club_85 3;Club_48 2;Club_66 3;Club_3 7;Club_57 6;Club_57 7;Club_56 5;Club_21 3;Club_7 4;Club_93 3;Club_89 2;Club_31 3;Club_91 4;Club_50 5;Club_71 3;Club_11 4;Club_35 5;Club_74 4;Club_60 2;Club_40 4;Club_28 5;Club_55 4;Club_34 3;Club_38 5;Club_64 6;Club_30 2;Club_52 2;Club_14 7;Club_57 12;Club_77 7;Club_36 7;Club_44 5;
Club_58 1;Club_3 1;Club_67 1;Club_54 1;Club_33 1;Club_20 1;Club_96 1;Club_65 1;Club_25 3;Club_52 1;Club_62 1;Club_19 2;Club_3 3;Club_19 3;Club_3 4;Club_23 4;Club_96 2;Club_85 2;Club_39 3;Club_27 3;Club_3 6;Club_72 4;Club_1 1;Club_26 1;Club_46 4;Club_68 5;Club_28 4;Club_90 9;Club_88 2;Club_83 5;Club_63 4;Club_87 7;Club_85 4;Club_94 2;Club_87 8;Club_70 4;Club_66 7;Club_57 9;Club_53 1;Club_75 6;Club_85 5;Club_76 3;Club_87 11;Club_83 8;Club_39 8;Club_78 2;Club_74 5;Club_47 3;Club_73 7;Club_39 11;
Club_98 1;Club_90 1;Club_36 2;Club_39 1;Club_92 1;Club_25 2;Club_88 1;Club_29 2;Club_15 2;Club_6 2;Club_64 1;Club_60 1;Club_72 2;Club_74 1;Club_42 1;Club_81 1;Club_64 2;Club_64 3;Club_65 4;Club_19 5;Club_79 2;Club_25 4;Club_19 6;Club_62 2;Club_9 2;Club_57 8;Club_67 2;Club_95 2;Club_64 4;Club_40 3;Club_35 3;Club_9 3;Club_39 5;Club_80 7;Club_14 4;Club_49 3;Club_48 3;Club_40 5;Club_9 5;Club_39 7;Club_77 5;Club_25 6;Club_12 3;Club_54 7;Club_60 3;Club_29 5;Club_84 3;Club_27 4;Club_12 4;Club_61 4;
Club_32 1;Club_73 1;Club_30 1;Club_37 1;Club_45 1;Club_47 1;Club_50 1;Club_28 2;Club_18 1;Club_97 1;Club_17 1;Club_23 2;Club_48 1;Club_54 2;Club_14 1;Club_19 4;Club_16 4;Club_22 2;Club_50 3;Club_35 2;Club_68 4;Club_90 8;Club_20 3;Club_62 3;Club_59 7;Club_77 3;Club_45 4;Club_58 3;Club_61 3;Club_44 2;Club_36 5;Club_13 2;Club_24 4;Club_49 2;Club_69 1;Club_75 5;Club_73 5;Club_87 9;Club_40 6;Club_73 6;Club_96 3;Club_68 6;Club_99 3;Club_69 2;Club_85 6;Club_64 7;Club_77 6;Club_13 5;Club_44 4;Club_39 12;
Club_29 1;Club_55 1;Club_75 1;Club_6 1;Club_8 1;Club_72 1;Club_16 3;Club_37 2;Club_89 1;Club_65 2;Club_77 2;Club_93 2;Club_66 2;Club_41 1;Club_15 3;Club_83 2;Club_41 4;Club_79 1;Club_45 2;Club_97 2;Club_12 2;Club_28 3;Club_41 5;Club_73 4;Club_11 2;Club_26 2;Club_98 4;Club_54 4;Club_32 4;Club_86 2;Club_97 3;Club_41 6;Club_17 2;Club_16 6;Club_98 5;Club_97 4;Club_0 2;Club_18 5;Club_16 7;Club_38 4;Club_70 5;Club_78 1;Club_46 5;Club_14 6;Club_23 7;Club_39 9;Club_52 3;Club_23 8;Club_99 4;Club_65 6;
Club_51 2;Club_36 1;Club_71 1;Club_80 1;Club_68 1;Club_80 2;Club_90 4;Club_98 3;Club_35 1;Club_59 3;Club_5 1;Club_29 3;Club_20 2;Club_68 3;Club_40 1;Club_74 2;Club_3 5;Club_57 5;Club_59 5;Club_75 3;Club_59 6;Club_86 1;Club_61 2;Club_20 5;Club_18 4;Club_63 2;Club_8 3;Club_66 6;Club_74 3;Club_62 4;Club_39 4;Club_8 4;Club_15 4;Club_64 5;Club_51 4;Club_39 6;Club_42 2;Club_42 3;Club_4 2;Club_41 8;Club_14 5;Club_76 4;Club_83 7;Club_69 3;Club_59 9;Club_18 6;Club_94 4;Club_33 3;Club_56 6;Club_3 8;
Club_28 1;Club_66 1;Club_59 1;Club_4 1;Club_63 1;Club_90 3;Club_61 1;Club_15 1;Club_68 2;Club_50 2;Club_73 2;Club_90 6;Club_51 3;Club_83 1;Club_87 3;Club_38 2;Club_76 1;Club_22 3;Club_18 3;Club_23 5;Club_24 2;Club_44 1;Club_54 3;Club_7 3;Club_11 3;Club_40 2;Club_80 4;Club_16 5;Club_80 5;Club_26 3;Club_54 5;Club_79 3;Club_1 3;Club_55 3;Club_17 3;Club_2 2;Club_94 3;Club_17 4;Club_79 4;Club_79 5;Club_10 1;Club_57 11;Club_13 4;Club_21 4;Club_91 6;Club_0 3;Club_28 6;Club_91 7;Club_82 6;Club_49 4;
Club_56 1;Club_99 1;Club_85 1;Club_31 1;Club_84 1;Club_46 1;Club_91 1;Club_99 2;Club_38 1;Club_49 1;Club_7 2;Club_3 2;Club_27 2;Club_46 2;Club_91 3;Club_36 3;Club_70 2;Club_94 1;Club_80 3;Club_38 3;Club_83 3;Club_50 4;Club_70 3;Club_23 6;Club_34 1;Club_45 3;Club_95 1;Club_82 3;Club_93 4;Club_1 2;Club_6 3;Club_34 2;Club_22 5;Club_88 3;Club_75 4;Club_54 6;Club_41 7;Club_77 4;Club_6 7;Club_72 5;Club_58 5;Club_83 6;Club_36 6;Club_55 5;Club_55 6;Club_44 3;Club_31 4;Club_8 5;Club_95 3;Club_84 4;
Club_25 1;Club_56 2;Club_93 1;Club_7 1;Club_9 1;Club_16 2;Club_57 2;Club_82 2;Club_43 1;Club_77 1;Club_21 1;Club_39 2;Club_90 7;Club_70 1;Club_87 4;Club_65 3;Club_72 3;Club_24 1;Club_0 1;Club_65 5;Club_8 2;Club_14 2;Club_20 4;Club_14 3;Club_87 6;Club_66 4;Club_63 3;Club_83 4;Club_31 2;Club_47 2;Club_45 5;Club_86 3;Club_80 6;Club_35 4;Club_6 4;Club_6 5;Club_6 6;Club_2 3;Club_13 3;Club_57 10;Club_76 2;Club_91 5;Club_67 4;Club_66 8;Club_79 6;Club_84 2;Club_79 7;Club_40 7;Club_21 5;Club_73 8;
Club_27 1;Club_16 1;Club_2 1;Club_23 1;Club_56 3;Club_57 1;Club_98 2;Club_32 2;Club_57 3;Club_90 5;Club_56 4;Club_21 2;Club_12 1;Club_75 2;Club_23 3;Club_87 5;Club_22 1;Club_59 4;Club_11 1;Club_5 2;Club_36 4;Club_33 2;Club_46 3;Club_24 3;Club_32 3;Club_66 5;Club_37 3;Club_22 4;Club_58 4;Club_29 4;Club_67 3;Club_82 4;Club_9 4;Club_25 5;Club_59 8;Club_7 5;Club_82 5;Club_81 2;Club_24 5;Club_62 5;Club_22 6;Club_87 10;Club_81 3;Club_54 8;Club_66 9;Club_46 6;Club_39 10;Club_70 6;Club_57 13;Club_10 2;
;;;;;;;;;;;;;;;;;;;;;;;;;;;;;;;;;;;;;;;;;;;;;;;;;;
;;;;;;;;;;;;;;;;;;;;;;;;;;;;;;;;;;;;;;;;;;;;;;;;;;
;;;;;;;;;;;;;;;;;;;;;;;;;;;;;;;;;;;;;;;;;;;;;;;;;;
;;;;;;;;;;;;;;;;;;;;;;;;;;;;;;;;;;;;;;;;;;;;;;;;;;
