Group_0 [10];Group_1 [10];Group_2 [10];Group_3 [10];Group_4 [10];Group_5 [10];Group_6 [10];Group_7 [10];Group_8 [10];Group_9 [10];Group_10 [10];Group_11 [10];Group_12 [10];Group_13 [10];Group_14 [10];Group_15 [10];Group_16 [10];Group_17 [10];Group_18 [10];Group_19 [10];Group_20 [10];Group_21 [10];Group_22 [10];Group_23 [10];Group_24 [10];Group_25 [10];Group_26 [10];Group_27 [10];Group_28 [10];Group_29 [10];Group_30 [10];Group_31 [10];Group_32 [10];Group_33 [10];Group_34 [10];Group_35 [10];Group_36 [10];Group_37 [10];Group_38 [10];Group_39 [10];Group_40 [10];Group_41 [10];Group_42 [10];Group_43 [10];Group_44 [10];Group_45 [10];Group_46 [10];Group_47 [10];Group_48 [10];Group_49 [10];
Club_218 1;Club_287 1;Club_242 1;Club_59 1;Club_384 1;Club_311 1;Club_110 1;Club_312 1;Club_133 1;Club_494 1;Club_79 1;Club_71 2;Club_238 1;Club_428 1;Club_212 1;Club_280 1;Club_96 1;Club_440 1;Club_79 2;Club_286 1;Club_25 2;Club_472 1;Club_129 2;Club_6 1;Club_136 1;Club_447 2;Club_12 1;Club_114 1;Club_479 3;Club_208 1;Club_47 1;Club_214 2;Club_122 3;Club_152 1;Club_414 2;Club_190 1;Club_94 2;Club_263 2;Club_193 1;Club_100 4;Club_37 2;Club_274 1;Club_415 1;Club_179 1;Club_137 2;Club_4 3;Club_284 1;Club_89 1;Club_238 2;Club_5 1;
Club_372 1;Club_466 1;Club_496 1;Club_32 1;Club_209 1;Club_20 1;Club_239 2;Club_39 1;Club_462 1;Club_59 2;Club_237 1;Club_245 1;Club_68 2;Club_413 1;Club_188 1;Club_377 2;Club_498 1;Club_476 3;Club_298 2;Club_165 1;Club_404 1;Club_380 1;Club_86 1;Club_223 1;Club_329 2;Club_51 1;Club_220 2;Club_452 2;Club_349 2;Club_104 1;Club_163 1;Club_346 2;Club_150 1;Club_264 2;Club_312 2;Club_53 1;Club_20 2;Club_438 1;Club_387 2;Club_248 1;Club_423 1;Club_300 2;Club_461 2;Club_193 2;Club_374 1;Club_181 3;Club_210 2;Club_149 1;Club_306 2;Club_448 2;
Club_70 1;Club_30 1;Club_364 1;Club_28 1;Club_68 1;Club_315 1;Club_123 1;Club_3 1;Club_111 2;Club_298 1;Club_237 2;Club_54 1;Club_160 1;Club_401 1;Club_64 1;Club_122 1;Club_267 1;Club_382 1;Club_422 1;Club_249 1;Club_344 1;Club_306 1;Club_335 3;Club_394 1;Club_176 1;Club_177 1;Club_316 1;Club_1 2;Club_257 1;Club_144 1;Club_88 1;Club_261 1;Club_379 3;Club_13 1;Club_354 2;Club_182 1;Club_0 1;Club_210 1;Club_232 3;Club_155 1;Club_16 1;Club_126 1;Club_166 2;Club_486 2;Club_203 2;Club_394 3;Club_198 3;Club_174 2;Club_314 1;Club_240 2;
Club_359 1;Club_98 1;Club_264 1;Club_333 1;Club_427 2;Club_111 1;Club_181 1;Club_459 1;Club_169 1;Club_363 1;Club_473 1;Club_414 1;Club_452 1;Club_38 1;Club_41 1;Club_166 1;Club_275 1;Club_169 2;Club_467 1;Club_440 2;Club_268 1;Club_419 1;Club_377 3;Club_216 1;Club_41 2;Club_106 1;Club_479 1;Club_447 3;Club_493 1;Club_324 1;Club_354 1;Club_52 2;Club_499 1;Club_280 2;Club_213 1;Club_340 2;Club_105 1;Club_10 1;Club_25 3;Club_148 1;Club_292 1;Club_475 1;Club_405 1;Club_189 1;Club_464 1;Club_315 2;Club_225 2;Club_83 1;Club_396 2;Club_478 3;
Club_93 1;Club_92 1;Club_468 1;Club_129 1;Club_460 1;Club_273 1;Club_231 1;Club_229 1;Club_71 1;Club_296 1;Club_84 1;Club_117 1;Club_94 1;Club_395 1;Club_301 1;Club_29 1;Club_154 1;Club_485 1;Club_478 1;Club_335 2;Club_286 2;Club_477 2;Club_429 1;Club_80 1;Club_115 1;Club_9 1;Club_480 2;Club_122 2;Club_216 2;Club_344 2;Club_42 1;Club_197 1;Club_187 1;Club_192 1;Club_376 1;Club_175 2;Club_77 1;Club_329 3;Club_338 1;Club_446 2;Club_419 2;Club_46 1;Club_115 2;Club_375 1;Club_377 4;Club_130 1;Club_496 2;Club_457 1;Club_282 1;Club_68 3;
Club_427 1;Club_400 1;Club_225 1;Club_175 1;Club_76 1;Club_34 1;Club_116 1;Club_489 1;Club_139 1;Club_377 1;Club_45 1;Club_44 1;Club_476 2;Club_240 1;Club_24 1;Club_137 1;Club_100 2;Club_454 1;Club_25 1;Club_63 1;Club_477 1;Club_121 1;Club_272 1;Club_123 2;Club_337 1;Club_214 1;Club_380 2;Club_207 2;Club_433 1;Club_232 2;Club_204 2;Club_417 2;Club_254 1;Club_422 2;Club_347 1;Club_373 1;Club_394 2;Club_318 1;Club_286 3;Club_319 1;Club_456 1;Club_430 1;Club_302 1;Club_70 2;Club_232 4;Club_46 2;Club_333 2;Club_411 2;Club_169 3;Club_135 1;
Club_329 1;Club_349 1;Club_446 1;Club_157 1;Club_239 1;Club_355 1;Club_476 1;Club_385 1;Club_439 1;Club_494 2;Club_232 1;Club_363 2;Club_23 1;Club_142 1;Club_495 2;Club_309 1;Club_125 1;Club_221 1;Club_37 1;Club_160 2;Club_434 1;Club_226 1;Club_381 1;Club_204 1;Club_1 1;Club_271 1;Club_372 2;Club_298 3;Club_320 1;Club_97 2;Club_227 1;Club_85 1;Club_262 1;Club_206 1;Club_255 1;Club_301 2;Club_448 1;Club_174 1;Club_20 3;Club_486 1;Club_243 1;Club_25 4;Club_488 1;Club_289 1;Club_195 1;Club_46 3;Club_70 3;Club_359 2;Club_268 2;Club_170 1;
Club_50 1;Club_69 1;Club_392 1;Club_201 1;Club_205 1;Club_480 1;Club_361 1;Club_396 1;Club_162 1;Club_471 1;Club_293 1;Club_75 1;Club_168 1;Club_97 1;Club_48 1;Club_327 1;Club_335 1;Club_220 1;Club_173 1;Club_242 2;Club_379 1;Club_435 1;Club_296 2;Club_123 3;Club_327 2;Club_165 2;Club_356 1;Club_26 2;Club_339 1;Club_392 2;Club_263 1;Club_267 2;Club_257 2;Club_417 3;Club_100 3;Club_247 2;Club_357 2;Club_478 2;Club_326 1;Club_398 1;Club_356 2;Club_199 1;Club_191 2;Club_486 3;Club_184 2;Club_214 3;Club_436 2;Club_335 4;Club_479 4;Club_496 3;
Club_330 1;Club_207 1;Club_247 1;Club_450 1;Club_495 1;Club_399 1;Club_217 1;Club_481 1;Club_56 1;Club_371 1;Club_198 1;Club_350 1;Club_7 1;Club_111 3;Club_164 1;Club_32 2;Club_346 1;Club_133 2;Club_184 1;Club_340 1;Club_181 2;Club_164 2;Club_229 2;Club_498 2;Club_328 1;Club_26 1;Club_412 1;Club_4 2;Club_387 1;Club_28 2;Club_194 1;Club_191 1;Club_236 1;Club_341 1;Club_63 2;Club_110 2;Club_107 1;Club_260 1;Club_445 1;Club_38 2;Club_178 1;Club_7 2;Club_436 1;Club_49 1;Club_386 1;Club_25 5;Club_196 1;Club_60 1;Club_93 2;Club_82 1;
Club_52 1;Club_321 1;Club_409 1;Club_492 1;Club_425 1;Club_332 1;Club_300 1;Club_276 1;Club_462 2;Club_100 1;Club_417 1;Club_411 1;Club_447 1;Club_413 2;Club_231 2;Club_461 1;Club_198 2;Club_297 1;Club_495 3;Club_242 3;Club_4 1;Club_203 1;Club_351 1;Club_416 1;Club_133 3;Club_328 2;Club_479 2;Club_128 1;Club_357 1;Club_62 1;Club_129 3;Club_379 2;Club_118 1;Club_291 1;Club_378 1;Club_358 1;Club_215 1;Club_15 1;Club_235 1;Club_118 2;Club_244 1;Club_283 1;Club_379 4;Club_24 2;Club_301 3;Club_422 3;Club_320 2;Club_118 3;Club_114 2;Club_448 3;
;;;;;;;;;;;;;;;;;;;;;;;;;;;;;;;;;;;;;;;;;;;;;;;;;;
;;;;;;;;;;;;;;;;;;;;;;;;;;;;;;;;;;;;;;;;;;;;;;;;;;
;;;;;;;;;;;;;;;;;;;;;;;;;;;;;;;;;;;;;;;;;;;;;;;;;;
;;;;;;;;;;;;;;;;;;;;;;;;;;;;;;;;;;;;;;;;;;;;;;;;;;
