Group_0 [12];Group_1 [12];Group_2 [12];Group_3 [12];Group_4 [12];Group_5 [12];Group_6 [12];Group_7 [12];Group_8 [12];Group_9 [12];Group_10 [12];Group_11 [12];Group_12 [12];Group_13 [12];Group_14 [12];Group_15 [12];Group_16 [12];Group_17 [12];Group_18 [12];Group_19 [12];Group_20 [12];Group_21 [12];Group_22 [12];Group_23 [12];Group_24 [12];Group_25 [12];Group_26 [12];Group_27 [12];Group_28 [12];Group_29 [12];Group_30 [12];Group_31 [12];Group_32 [12];Group_33 [12];Group_34 [12];Group_35 [12];Group_36 [12];Group_37 [12];Group_38 [12];Group_39 [12];Group_40 [12];Group_41 [12];Group_42 [12];Group_43 [12];Group_44 [12];Group_45 [12];Group_46 [12];Group_47 [12];Group_48 [12];Group_49 [12];
Club_48 1;Club_26 1;Club_6 2;Club_34 2;Club_21 2;Club_27 2;Club_36 3;Club_21 4;Club_48 5;Club_40 6;Club_16 4;Club_10 2;Club_22 3;Club_37 5;Club_46 2;Club_17 4;Club_21 7;Club_2 5;Club_6 6;Club_46 4;Club_24 3;Club_16 9;Club_44 3;Club_24 4;Club_12 8;Club_44 4;Club_47 10;Club_16 11;Club_22 11;Club_13 8;Club_10 7;Club_3 8;Club_37 13;Club_4 5;Club_14 8;Club_22 14;Club_18 11;Club_15 7;Club_16 12;Club_15 9;Club_44 9;Club_44 10;Club_20 8;Club_24 10;Club_11 9;Club_27 15;Club_49 7;Club_5 7;Club_40 13;Club_6 13;
Club_45 1;Club_18 1;Club_16 2;Club_25 2;Club_12 2;Club_47 3;Club_12 4;Club_29 4;Club_31 2;Club_6 4;Club_5 2;Club_24 1;Club_41 1;Club_36 4;Club_42 4;Club_20 2;Club_27 7;Club_30 5;Club_43 3;Club_30 6;Club_30 7;Club_45 6;Club_18 7;Club_45 7;Club_31 7;Club_28 4;Club_44 6;Club_35 9;Club_43 7;Club_24 7;Club_39 8;Club_8 11;Club_38 9;Club_38 11;Club_12 10;Club_49 5;Club_19 7;Club_19 9;Club_14 9;Club_44 8;Club_24 9;Club_47 17;Club_17 11;Club_18 13;Club_34 13;Club_48 13;Club_2 8;Club_11 10;Club_8 17;Club_41 7;
Club_6 1;Club_22 1;Club_32 1;Club_29 2;Club_11 1;Club_9 1;Club_40 4;Club_18 3;Club_44 1;Club_40 7;Club_32 4;Club_25 4;Club_26 7;Club_29 5;Club_29 6;Club_27 6;Club_18 4;Club_15 4;Club_33 4;Club_6 7;Club_39 6;Club_31 6;Club_37 11;Club_28 3;Club_29 9;Club_44 5;Club_17 5;Club_6 8;Club_0 5;Club_36 8;Club_42 9;Club_39 9;Club_15 6;Club_14 7;Club_48 11;Club_10 9;Club_32 7;Club_36 10;Club_38 12;Club_13 11;Club_38 15;Club_31 11;Club_14 12;Club_2 7;Club_41 6;Club_34 15;Club_32 8;Club_21 10;Club_2 10;Club_12 13;
Club_37 1;Club_36 2;Club_12 1;Club_48 3;Club_43 2;Club_12 3;Club_21 3;Club_12 5;Club_47 4;Club_45 3;Club_16 5;Club_32 5;Club_38 3;Club_2 4;Club_38 4;Club_37 8;Club_46 3;Club_35 6;Club_31 4;Club_18 6;Club_45 5;Club_49 3;Club_10 5;Club_4 4;Club_19 5;Club_41 3;Club_35 8;Club_20 7;Club_17 7;Club_9 4;Club_30 9;Club_17 8;Club_34 9;Club_1 6;Club_21 8;Club_7 9;Club_46 10;Club_19 10;Club_46 11;Club_38 14;Club_6 12;Club_12 12;Club_17 12;Club_43 8;Club_30 13;Club_13 14;Club_3 15;Club_42 12;Club_47 19;Club_45 13;
Club_34 1;Club_29 1;Club_13 1;Club_8 1;Club_31 1;Club_48 4;Club_13 3;Club_30 4;Club_15 2;Club_32 2;Club_26 5;Club_28 2;Club_23 3;Club_17 3;Club_22 4;Club_19 3;Club_8 6;Club_47 6;Club_43 4;Club_41 2;Club_46 5;Club_38 5;Club_14 4;Club_40 10;Club_13 7;Club_47 9;Club_16 10;Club_5 4;Club_12 9;Club_7 3;Club_11 5;Club_34 8;Club_26 8;Club_33 8;Club_3 12;Club_30 11;Club_19 8;Club_25 8;Club_5 6;Club_41 5;Club_11 8;Club_1 10;Club_20 9;Club_46 12;Club_46 13;Club_30 15;Club_15 11;Club_10 12;Club_17 13;Club_12 14;
Club_3 1;Club_26 2;Club_25 1;Club_27 1;Club_35 1;Club_11 2;Club_26 4;Club_3 3;Club_13 5;Club_15 3;Club_39 3;Club_8 4;Club_24 2;Club_16 6;Club_27 5;Club_36 5;Club_47 5;Club_2 6;Club_20 3;Club_29 7;Club_34 5;Club_19 4;Club_12 7;Club_27 8;Club_8 10;Club_24 5;Club_14 5;Club_11 4;Club_1 5;Club_40 12;Club_14 6;Club_38 8;Club_27 11;Club_27 12;Club_30 10;Club_35 11;Club_42 10;Club_47 12;Club_45 9;Club_34 10;Club_1 9;Club_26 12;Club_36 11;Club_25 12;Club_43 9;Club_8 16;Club_30 16;Club_16 14;Club_36 12;Club_1 12;
Club_47 1;Club_49 1;Club_46 1;Club_13 2;Club_38 1;Club_18 2;Club_29 3;Club_45 2;Club_9 2;Club_1 2;Club_26 6;Club_27 4;Club_4 1;Club_39 4;Club_16 7;Club_8 5;Club_35 4;Club_25 6;Club_14 2;Club_36 6;Club_47 8;Club_34 6;Club_39 7;Club_0 4;Club_36 7;Club_22 9;Club_46 8;Club_6 9;Club_18 9;Club_6 10;Club_3 7;Club_7 5;Club_7 7;Club_13 10;Club_7 8;Club_6 11;Club_31 9;Club_49 6;Club_38 13;Club_47 13;Club_10 11;Club_14 11;Club_8 15;Club_13 13;Club_16 13;Club_24 11;Club_23 12;Club_34 16;Club_4 6;Club_30 17;
Club_16 1;Club_26 3;Club_1 1;Club_40 1;Club_30 3;Club_40 2;Club_28 1;Club_3 4;Club_21 5;Club_27 3;Club_40 8;Club_37 3;Club_37 4;Club_44 2;Club_48 7;Club_4 2;Club_35 5;Club_10 3;Club_8 7;Club_7 1;Club_22 6;Club_8 8;Club_4 3;Club_18 8;Club_29 10;Club_7 2;Club_27 10;Club_33 7;Club_30 8;Club_22 12;Club_35 10;Club_41 4;Club_38 10;Club_39 10;Club_23 8;Club_32 6;Club_8 13;Club_24 8;Club_15 8;Club_47 14;Club_42 11;Club_48 12;Club_25 10;Club_28 7;Club_23 11;Club_3 14;Club_22 16;Club_3 16;Club_11 11;Club_3 17;
Club_0 1;Club_2 1;Club_30 1;Club_8 2;Club_6 3;Club_42 1;Club_37 2;Club_23 2;Club_21 6;Club_17 2;Club_40 9;Club_31 3;Club_2 3;Club_42 3;Club_42 5;Club_22 5;Club_48 8;Club_6 5;Club_45 4;Club_3 6;Club_10 4;Club_20 5;Club_43 6;Club_9 3;Club_22 8;Club_46 6;Club_25 7;Club_17 6;Club_40 11;Club_18 10;Club_13 9;Club_3 9;Club_9 6;Club_3 11;Club_0 6;Club_26 10;Club_47 11;Club_1 8;Club_35 12;Club_45 10;Club_7 10;Club_23 10;Club_25 11;Club_47 18;Club_21 9;Club_25 14;Club_2 9;Club_13 16;Club_37 14;Club_45 14;
Club_36 1;Club_14 1;Club_21 1;Club_22 2;Club_15 1;Club_20 1;Club_19 2;Club_5 1;Club_40 5;Club_32 3;Club_42 2;Club_5 3;Club_3 5;Club_33 3;Club_39 5;Club_42 6;Club_48 9;Club_23 4;Club_37 9;Club_33 5;Club_31 5;Club_43 5;Club_23 6;Club_1 3;Club_48 10;Club_46 7;Club_1 4;Club_10 6;Club_44 7;Club_42 8;Club_9 5;Club_17 9;Club_26 9;Club_27 13;Club_10 8;Club_39 11;Club_29 11;Club_26 11;Club_14 10;Club_47 15;Club_23 9;Club_34 11;Club_22 15;Club_45 11;Club_25 13;Club_15 10;Club_18 14;Club_16 15;Club_0 7;Club_11 12;
Club_48 2;Club_2 2;Club_30 2;Club_19 1;Club_33 1;Club_40 3;Club_3 2;Club_34 3;Club_39 1;Club_39 2;Club_25 3;Club_38 2;Club_35 3;Club_48 6;Club_37 6;Club_13 6;Club_11 3;Club_16 8;Club_47 7;Club_20 4;Club_22 7;Club_38 6;Club_8 9;Club_23 7;Club_27 9;Club_31 8;Club_20 6;Club_15 5;Club_38 7;Club_37 12;Club_5 5;Club_7 6;Club_11 6;Club_45 8;Club_28 5;Club_19 6;Club_36 9;Club_25 9;Club_12 11;Club_3 13;Club_13 12;Club_28 6;Club_18 12;Club_27 14;Club_30 14;Club_28 8;Club_23 13;Club_1 11;Club_13 17;Club_13 18;
Club_47 2;Club_23 1;Club_17 1;Club_43 1;Club_35 2;Club_16 3;Club_13 4;Club_49 2;Club_10 1;Club_33 2;Club_8 3;Club_12 6;Club_25 5;Club_34 4;Club_37 7;Club_0 2;Club_0 3;Club_18 5;Club_23 5;Club_14 3;Club_35 7;Club_37 10;Club_33 6;Club_29 8;Club_49 4;Club_24 6;Club_42 7;Club_22 10;Club_46 9;Club_7 4;Club_34 7;Club_8 12;Club_3 10;Club_22 13;Club_11 7;Club_10 10;Club_1 7;Club_30 12;Club_8 14;Club_47 16;Club_31 10;Club_17 10;Club_34 12;Club_33 9;Club_34 14;Club_13 15;Club_29 12;Club_45 12;Club_31 12;Club_18 15;
;;;;;;;;;;;;;;;;;;;;;;;;;;;;;;;;;;;;;;;;;;;;;;;;;;
;;;;;;;;;;;;;;;;;;;;;;;;;;;;;;;;;;;;;;;;;;;;;;;;;;
