Group_0 [10];Group_1 [10];Group_2 [10];Group_3 [10];Group_4 [10];Group_5 [10];Group_6 [10];Group_7 [10];Group_8 [10];Group_9 [10];Group_10 [10];Group_11 [10];Group_12 [10];Group_13 [10];Group_14 [10];Group_15 [10];Group_16 [10];Group_17 [10];Group_18 [10];Group_19 [10];Group_20 [10];Group_21 [10];Group_22 [10];Group_23 [10];Group_24 [10];Group_25 [10];Group_26 [10];Group_27 [10];Group_28 [10];Group_29 [10];Group_30 [10];Group_31 [10];Group_32 [10];Group_33 [10];Group_34 [10];Group_35 [10];Group_36 [10];Group_37 [10];Group_38 [10];Group_39 [10];Group_40 [10];Group_41 [10];Group_42 [10];Group_43 [10];Group_44 [10];Group_45 [10];Group_46 [10];Group_47 [10];Group_48 [10];Group_49 [10];
Club_308 1;Club_321 1;Club_111 1;Club_344 1;Club_315 1;Club_336 1;Club_412 1;Club_150 1;Club_413 2;Club_185 1;Club_186 1;Club_80 1;Club_165 1;Club_73 1;Club_490 2;Club_320 1;Club_91 1;Club_188 1;Club_317 3;Club_141 1;Club_231 1;Club_209 1;Club_74 1;Club_166 1;Club_475 1;Club_276 1;Club_275 2;Club_243 2;Club_26 1;Club_231 2;Club_480 1;Club_157 1;Club_89 2;Club_136 1;Club_146 1;Club_351 3;Club_264 1;Club_163 2;Club_239 2;Club_268 1;Club_143 1;Club_242 1;Club_431 2;Club_225 1;Club_78 1;Club_336 3;Club_447 1;Club_287 2;Club_15 1;Club_389 3;
Club_210 1;Club_468 1;Club_271 1;Club_100 1;Club_222 1;Club_206 1;Club_476 1;Club_253 1;Club_17 1;Club_331 1;Club_232 2;Club_115 1;Club_161 1;Club_2 1;Club_248 1;Club_466 1;Club_370 2;Club_86 3;Club_113 1;Club_295 2;Club_83 1;Club_353 1;Club_388 2;Club_83 2;Club_455 2;Club_449 2;Club_79 4;Club_32 1;Club_316 2;Club_59 1;Club_353 3;Club_413 3;Club_199 1;Club_145 1;Club_336 2;Club_438 1;Club_149 1;Club_57 1;Club_180 4;Club_181 1;Club_461 1;Club_167 2;Club_369 1;Club_32 2;Club_157 2;Club_78 2;Club_204 2;Club_101 1;Club_113 3;Club_86 4;
Club_258 1;Club_120 1;Club_233 1;Club_404 1;Club_33 1;Club_44 1;Club_326 1;Club_370 1;Club_497 1;Club_27 1;Club_33 2;Club_205 1;Club_180 3;Club_106 1;Club_402 1;Club_420 1;Club_403 1;Club_270 2;Club_79 2;Club_202 1;Club_12 1;Club_132 1;Club_339 1;Club_62 1;Club_211 2;Club_292 1;Club_277 1;Club_21 4;Club_182 1;Club_90 1;Club_169 2;Club_244 1;Club_17 2;Club_232 4;Club_404 5;Club_335 1;Club_41 1;Club_436 1;Club_83 4;Club_433 2;Club_133 1;Club_30 3;Club_259 2;Club_1 1;Club_357 1;Club_376 3;Club_280 2;Club_304 1;Club_57 2;Club_490 3;
Club_164 1;Club_421 1;Club_120 2;Club_211 1;Club_233 2;Club_180 1;Club_366 1;Club_300 1;Club_68 1;Club_220 1;Club_270 1;Club_176 1;Club_3 1;Club_222 2;Club_301 1;Club_47 2;Club_112 1;Club_442 1;Club_253 2;Club_6 1;Club_11 1;Club_79 3;Club_397 1;Club_404 2;Club_141 2;Club_404 3;Club_476 2;Club_293 1;Club_367 4;Club_182 2;Club_73 2;Club_364 1;Club_221 2;Club_281 1;Club_339 2;Club_193 1;Club_236 2;Club_250 1;Club_206 2;Club_119 1;Club_36 1;Club_4 1;Club_83 5;Club_9 1;Club_472 2;Club_88 1;Club_280 3;Club_447 2;Club_306 2;Club_218 2;
Club_274 1;Club_272 1;Club_259 1;Club_316 1;Club_351 1;Club_232 1;Club_383 1;Club_490 1;Club_468 2;Club_87 1;Club_150 2;Club_180 2;Club_122 1;Club_433 1;Club_327 1;Club_332 1;Club_341 1;Club_363 2;Club_416 1;Club_352 1;Club_445 1;Club_140 2;Club_122 2;Club_243 1;Club_381 1;Club_451 1;Club_411 1;Club_178 1;Club_404 4;Club_273 3;Club_477 1;Club_125 1;Club_390 1;Club_366 2;Club_34 2;Club_335 2;Club_427 1;Club_287 1;Club_123 3;Club_285 1;Club_281 2;Club_222 3;Club_413 4;Club_324 1;Club_119 2;Club_152 1;Club_111 3;Club_124 1;Club_219 2;Club_437 1;
Club_221 1;Club_386 1;Club_333 1;Club_144 1;Club_30 1;Club_163 1;Club_258 2;Club_140 1;Club_317 1;Club_79 1;Club_8 1;Club_317 2;Club_367 1;Club_331 2;Club_260 1;Club_110 1;Club_376 1;Club_190 1;Club_365 1;Club_360 1;Club_389 1;Club_266 1;Club_483 1;Club_100 2;Club_100 3;Club_306 1;Club_326 2;Club_331 3;Club_305 1;Club_474 1;Club_435 2;Club_290 1;Club_478 1;Club_10 1;Club_96 1;Club_184 1;Club_382 1;Club_417 2;Club_302 2;Club_280 1;Club_477 2;Club_391 1;Club_331 4;Club_361 1;Club_119 3;Club_414 1;Club_223 1;Club_214 1;Club_289 1;Club_44 2;
Club_299 1;Club_158 1;Club_167 1;Club_273 2;Club_23 1;Club_440 1;Club_413 1;Club_107 1;Club_444 1;Club_377 1;Club_388 1;Club_67 1;Club_185 2;Club_86 2;Club_64 1;Club_466 2;Club_330 1;Club_286 1;Club_269 1;Club_110 2;Club_170 1;Club_155 1;Club_275 1;Club_343 1;Club_353 2;Club_418 1;Club_176 2;Club_376 2;Club_265 1;Club_269 2;Club_148 1;Club_338 1;Club_168 1;Club_76 1;Club_68 2;Club_131 3;Club_113 2;Club_76 2;Club_204 1;Club_11 2;Club_469 1;Club_266 2;Club_219 1;Club_38 1;Club_476 3;Club_278 1;Club_262 2;Club_363 3;Club_331 5;Club_314 1;
Club_216 1;Club_123 1;Club_273 1;Club_35 1;Club_37 1;Club_235 1;Club_282 1;Club_37 2;Club_295 1;Club_489 1;Club_271 2;Club_151 1;Club_58 1;Club_457 2;Club_375 1;Club_230 1;Club_350 1;Club_87 2;Club_247 2;Club_431 1;Club_348 1;Club_105 1;Club_150 3;Club_84 2;Club_105 2;Club_69 1;Club_417 1;Club_215 1;Club_79 5;Club_118 1;Club_343 2;Club_69 2;Club_232 3;Club_327 2;Club_420 2;Club_108 1;Club_77 2;Club_319 2;Club_199 2;Club_472 1;Club_159 1;Club_496 1;Club_198 1;Club_282 2;Club_262 1;Club_169 3;Club_271 3;Club_333 2;Club_113 4;Club_381 2;
Club_299 2;Club_55 1;Club_455 1;Club_362 1;Club_247 1;Club_236 1;Club_86 1;Club_111 2;Club_457 1;Club_31 1;Club_66 1;Club_363 1;Club_77 1;Club_34 1;Club_312 1;Club_432 1;Club_428 1;Club_407 1;Club_351 2;Club_21 1;Club_486 1;Club_161 2;Club_6 2;Club_286 2;Club_21 2;Club_412 2;Club_89 1;Club_468 3;Club_218 1;Club_83 3;Club_160 1;Club_499 1;Club_102 1;Club_317 4;Club_123 2;Club_375 2;Club_378 1;Club_107 2;Club_481 1;Club_444 2;Club_185 3;Club_300 2;Club_239 3;Club_337 1;Club_279 1;Club_495 1;Club_261 1;Club_383 2;Club_202 2;Club_415 1;
Club_302 1;Club_396 1;Club_435 1;Club_421 2;Club_303 1;Club_319 1;Club_109 1;Club_449 1;Club_131 1;Club_441 1;Club_47 1;Club_491 1;Club_117 1;Club_462 1;Club_84 1;Club_450 1;Club_85 1;Club_30 2;Club_134 1;Club_367 2;Club_82 1;Club_156 1;Club_239 1;Club_47 3;Club_21 3;Club_367 3;Club_131 2;Club_211 3;Club_169 1;Club_70 1;Club_416 2;Club_352 2;Club_389 2;Club_489 2;Club_189 1;Club_346 1;Club_115 2;Club_234 1;Club_344 2;Club_367 5;Club_186 2;Club_137 1;Club_294 1;Club_229 1;Club_87 3;Club_185 4;Club_356 1;Club_220 2;Club_260 2;Club_332 2;
;;;;;;;;;;;;;;;;;;;;;;;;;;;;;;;;;;;;;;;;;;;;;;;;;;
;;;;;;;;;;;;;;;;;;;;;;;;;;;;;;;;;;;;;;;;;;;;;;;;;;
;;;;;;;;;;;;;;;;;;;;;;;;;;;;;;;;;;;;;;;;;;;;;;;;;;
;;;;;;;;;;;;;;;;;;;;;;;;;;;;;;;;;;;;;;;;;;;;;;;;;;
