Group_0 [10];Group_1 [10];Group_2 [10];Group_3 [10];Group_4 [10];Group_5 [10];Group_6 [10];Group_7 [10];Group_8 [10];Group_9 [10];Group_10 [10];Group_11 [10];Group_12 [10];Group_13 [10];Group_14 [10];Group_15 [10];Group_16 [10];Group_17 [10];Group_18 [10];Group_19 [10];Group_20 [10];Group_21 [10];Group_22 [10];Group_23 [10];Group_24 [10];Group_25 [10];Group_26 [10];Group_27 [10];Group_28 [10];Group_29 [10];Group_30 [10];Group_31 [10];Group_32 [10];Group_33 [10];Group_34 [10];Group_35 [10];Group_36 [10];Group_37 [10];Group_38 [10];Group_39 [10];Group_40 [10];Group_41 [10];Group_42 [10];Group_43 [10];Group_44 [10];Group_45 [10];Group_46 [10];Group_47 [10];Group_48 [10];Group_49 [10];
Club_225 1;Club_252 1;Club_300 1;Club_20 1;Club_315 1;Club_285 1;Club_479 1;Club_430 1;Club_14 1;Club_92 1;Club_236 1;Club_237 2;Club_385 2;Club_350 1;Club_88 1;Club_34 1;Club_175 1;Club_240 2;Club_284 1;Club_481 1;Club_272 1;Club_232 1;Club_160 2;Club_497 1;Club_496 1;Club_468 2;Club_477 3;Club_417 1;Club_44 1;Club_468 3;Club_475 1;Club_250 1;Club_421 1;Club_279 1;Club_285 2;Club_22 1;Club_161 2;Club_498 1;Club_381 4;Club_488 2;Club_297 3;Club_285 3;Club_133 1;Club_36 2;Club_6 2;Club_496 2;Club_422 1;Club_170 4;Club_87 1;Club_54 2;
Club_439 1;Club_248 1;Club_385 1;Club_140 1;Club_2 1;Club_286 1;Club_191 1;Club_405 1;Club_359 1;Club_328 1;Club_347 2;Club_249 1;Club_323 1;Club_109 1;Club_141 1;Club_61 1;Club_345 1;Club_310 1;Club_304 1;Club_445 1;Club_84 1;Club_120 1;Club_320 1;Club_105 1;Club_408 2;Club_335 1;Club_483 1;Club_12 2;Club_67 1;Club_190 1;Club_384 3;Club_117 1;Club_249 2;Club_474 1;Club_103 1;Club_393 1;Club_131 1;Club_290 1;Club_192 1;Club_352 1;Club_205 1;Club_460 2;Club_189 1;Club_351 1;Club_135 2;Club_390 2;Club_327 1;Club_165 2;Club_99 2;Club_349 4;
Club_357 1;Club_25 1;Club_295 1;Club_282 1;Club_45 1;Club_118 1;Club_165 1;Club_394 1;Club_448 1;Club_289 2;Club_47 1;Club_138 1;Club_221 1;Club_401 1;Club_391 2;Club_195 1;Club_270 1;Club_367 1;Club_159 1;Club_57 1;Club_170 1;Club_158 1;Club_243 1;Club_462 2;Club_433 1;Club_459 1;Club_247 1;Club_453 2;Club_266 2;Club_179 1;Club_390 1;Club_278 1;Club_389 1;Club_97 1;Club_264 1;Club_273 3;Club_184 2;Club_230 1;Club_219 1;Club_332 1;Club_370 2;Club_21 1;Club_196 1;Club_54 1;Club_139 2;Club_140 2;Club_136 1;Club_250 2;Club_338 2;Club_91 2;
Club_467 1;Club_453 1;Club_240 1;Club_4 1;Club_383 1;Club_472 2;Club_397 1;Club_112 1;Club_280 1;Club_446 1;Club_45 2;Club_282 2;Club_41 1;Club_143 1;Club_1 1;Club_221 2;Club_148 1;Club_378 1;Club_476 1;Club_56 1;Club_218 1;Club_316 3;Club_470 1;Club_106 1;Club_50 1;Club_76 2;Club_345 2;Club_172 1;Club_364 1;Club_356 1;Club_115 1;Club_94 1;Club_170 2;Club_434 2;Club_264 2;Club_488 1;Club_302 1;Club_389 3;Club_340 1;Club_59 1;Club_370 3;Club_68 1;Club_192 2;Club_82 1;Club_229 1;Club_321 1;Club_302 2;Club_273 4;Club_107 1;Club_388 2;
Club_329 1;Club_176 1;Club_273 1;Club_289 1;Club_349 1;Club_265 1;Club_439 2;Club_81 1;Club_173 1;Club_121 1;Club_42 2;Club_269 1;Club_66 1;Club_173 2;Club_372 1;Club_110 1;Club_74 1;Club_473 1;Club_253 1;Club_88 2;Club_466 1;Club_161 1;Club_231 1;Club_251 1;Club_222 1;Club_370 1;Club_5 1;Club_2 2;Club_98 1;Club_425 1;Club_44 2;Club_386 1;Club_466 2;Club_411 1;Club_73 1;Club_142 1;Club_313 1;Club_338 1;Club_255 1;Club_421 2;Club_380 1;Club_81 3;Club_350 2;Club_4 3;Club_336 1;Club_305 3;Club_153 2;Club_321 2;Club_361 1;Club_86 2;
Club_299 1;Club_42 1;Club_36 1;Club_266 1;Club_472 1;Club_301 1;Club_63 1;Club_384 1;Club_8 1;Club_381 1;Club_178 2;Club_99 1;Club_289 3;Club_227 1;Club_468 1;Club_204 1;Club_138 2;Club_244 1;Club_381 3;Club_366 1;Club_152 2;Club_404 1;Club_434 1;Club_460 1;Club_89 1;Club_57 2;Club_4 2;Club_272 2;Club_58 1;Club_124 2;Club_271 2;Club_310 2;Club_303 1;Club_335 2;Club_97 2;Club_359 2;Club_17 1;Club_53 2;Club_126 1;Club_42 3;Club_9 1;Club_35 2;Club_12 3;Club_349 3;Club_71 1;Club_207 1;Club_436 2;Club_53 3;Club_468 4;Club_79 1;
Club_342 1;Club_319 1;Club_259 1;Club_12 1;Club_429 1;Club_139 1;Club_163 1;Club_416 1;Club_322 1;Club_184 1;Club_78 1;Club_400 1;Club_447 1;Club_477 1;Club_135 1;Club_397 3;Club_465 1;Club_325 1;Club_13 1;Club_419 2;Club_80 2;Club_462 1;Club_348 1;Club_180 1;Club_377 1;Club_186 1;Club_72 1;Club_2 3;Club_173 4;Club_436 1;Club_265 2;Club_106 2;Club_242 2;Club_301 2;Club_85 1;Club_170 3;Club_349 2;Club_371 1;Club_121 2;Club_289 5;Club_0 1;Club_92 2;Club_31 2;Club_462 3;Club_333 1;Club_98 2;Club_355 1;Club_308 1;Club_12 4;Club_175 2;
Club_275 1;Club_457 1;Club_55 1;Club_391 1;Club_347 1;Club_129 1;Club_18 1;Club_63 2;Club_160 1;Club_273 2;Club_399 1;Club_226 1;Club_81 2;Club_168 1;Club_381 2;Club_456 1;Club_472 3;Club_471 1;Club_291 2;Club_242 1;Club_110 2;Club_163 2;Club_487 1;Club_160 3;Club_457 2;Club_83 1;Club_293 1;Club_375 1;Club_124 1;Club_88 3;Club_280 2;Club_297 1;Club_272 3;Club_53 1;Club_382 1;Club_483 2;Club_297 2;Club_129 3;Club_345 3;Club_388 1;Club_131 2;Club_372 2;Club_494 1;Club_167 1;Club_456 2;Club_42 4;Club_207 2;Club_492 2;Club_492 3;Club_139 3;
Club_185 1;Club_35 1;Club_201 1;Club_237 1;Club_329 2;Club_7 1;Club_419 1;Club_291 1;Club_408 1;Club_262 1;Club_491 1;Club_437 1;Club_397 2;Club_153 1;Club_441 1;Club_357 2;Club_80 1;Club_330 1;Club_384 2;Club_305 1;Club_473 2;Club_269 2;Club_24 1;Club_31 1;Club_482 1;Club_173 3;Club_476 2;Club_246 1;Club_492 1;Club_86 1;Club_166 1;Club_60 1;Club_283 1;Club_215 1;Club_404 2;Club_367 2;Club_34 2;Club_231 2;Club_457 3;Club_22 2;Club_305 2;Club_22 3;Club_230 2;Club_345 4;Club_469 1;Club_465 2;Club_454 1;Club_303 2;Club_160 5;Club_283 2;
Club_452 1;Club_467 2;Club_324 1;Club_316 1;Club_268 1;Club_276 1;Club_178 1;Club_130 1;Club_29 1;Club_316 2;Club_134 1;Club_91 1;Club_129 2;Club_289 4;Club_477 2;Club_76 1;Club_268 2;Club_152 1;Club_6 1;Club_208 1;Club_341 1;Club_281 1;Club_271 1;Club_191 2;Club_312 1;Club_299 2;Club_203 1;Club_105 2;Club_406 1;Club_48 1;Club_158 2;Club_89 2;Club_141 2;Club_176 2;Club_389 2;Club_8 2;Club_301 3;Club_211 1;Club_315 2;Club_221 3;Club_160 4;Club_179 2;Club_399 2;Club_132 1;Club_69 1;Club_366 2;Club_352 2;Club_470 2;Club_280 3;Club_356 2;
;;;;;;;;;;;;;;;;;;;;;;;;;;;;;;;;;;;;;;;;;;;;;;;;;;
;;;;;;;;;;;;;;;;;;;;;;;;;;;;;;;;;;;;;;;;;;;;;;;;;;
;;;;;;;;;;;;;;;;;;;;;;;;;;;;;;;;;;;;;;;;;;;;;;;;;;
;;;;;;;;;;;;;;;;;;;;;;;;;;;;;;;;;;;;;;;;;;;;;;;;;;
