Group_0 [10];Group_1 [10];Group_2 [10];Group_3 [10];Group_4 [10];Group_5 [10];Group_6 [10];Group_7 [10];Group_8 [10];Group_9 [10];Group_10 [10];Group_11 [10];Group_12 [10];Group_13 [10];Group_14 [10];Group_15 [10];Group_16 [10];Group_17 [10];Group_18 [10];Group_19 [10];Group_20 [10];Group_21 [10];Group_22 [10];Group_23 [10];Group_24 [10];Group_25 [10];Group_26 [10];Group_27 [10];Group_28 [10];Group_29 [10];Group_30 [10];Group_31 [10];Group_32 [10];Group_33 [10];Group_34 [10];Group_35 [10];Group_36 [10];Group_37 [10];Group_38 [10];Group_39 [10];Group_40 [10];Group_41 [10];Group_42 [10];Group_43 [10];Group_44 [10];Group_45 [10];Group_46 [10];Group_47 [10];Group_48 [10];Group_49 [10];
Club_34 1;Club_24 1;Club_9 1;Club_32 1;Club_9 3;Club_6 1;Club_49 3;Club_7 2;Club_32 4;Club_24 3;Club_42 2;Club_5 2;Club_26 4;Club_4 1;Club_6 2;Club_8 7;Club_1 4;Club_0 3;Club_39 3;Club_14 7;Club_12 8;Club_34 7;Club_31 8;Club_34 9;Club_35 7;Club_12 9;Club_48 6;Club_4 2;Club_47 6;Club_9 6;Club_16 7;Club_43 6;Club_15 4;Club_13 8;Club_26 8;Club_30 9;Club_20 11;Club_33 10;Club_30 10;Club_17 6;Club_37 7;Club_33 11;Club_16 9;Club_45 10;Club_15 11;Club_32 13;Club_5 10;Club_5 11;Club_43 12;Club_6 8;
Club_31 1;Club_18 2;Club_30 1;Club_0 1;Club_32 2;Club_35 1;Club_34 3;Club_39 2;Club_22 1;Club_2 3;Club_44 5;Club_42 3;Club_25 4;Club_9 5;Club_31 5;Club_16 3;Club_35 4;Club_12 5;Club_12 7;Club_45 5;Club_44 7;Club_16 5;Club_10 3;Club_1 5;Club_8 10;Club_34 11;Club_22 3;Club_1 6;Club_49 12;Club_31 9;Club_33 7;Club_15 3;Club_21 5;Club_14 9;Club_33 8;Club_1 9;Club_6 5;Club_28 6;Club_25 16;Club_5 8;Club_34 13;Club_13 9;Club_23 6;Club_39 6;Club_39 9;Club_24 13;Club_29 7;Club_38 10;Club_44 13;Club_12 15;
Club_2 1;Club_37 2;Club_26 2;Club_11 1;Club_48 1;Club_40 1;Club_19 1;Club_49 4;Club_48 2;Club_35 2;Club_43 3;Club_30 2;Club_14 5;Club_29 3;Club_27 2;Club_44 6;Club_32 6;Club_25 7;Club_43 5;Club_25 8;Club_41 3;Club_27 3;Club_20 5;Club_42 7;Club_13 6;Club_6 4;Club_44 8;Club_34 12;Club_37 6;Club_49 13;Club_3 2;Club_12 11;Club_23 4;Club_19 7;Club_31 11;Club_43 8;Club_20 12;Club_15 7;Club_18 7;Club_17 7;Club_35 13;Club_47 11;Club_15 9;Club_39 7;Club_3 5;Club_12 14;Club_46 5;Club_8 13;Club_35 16;Club_15 12;
Club_37 1;Club_33 1;Club_20 1;Club_8 2;Club_44 2;Club_45 1;Club_2 2;Club_37 4;Club_21 1;Club_49 5;Club_23 1;Club_47 3;Club_37 5;Club_32 5;Club_23 2;Club_19 3;Club_24 5;Club_32 7;Club_38 3;Club_8 9;Club_20 4;Club_48 5;Club_11 4;Club_7 3;Club_6 3;Club_49 10;Club_24 8;Club_26 7;Club_20 9;Club_19 6;Club_38 7;Club_47 8;Club_40 3;Club_7 6;Club_42 9;Club_35 12;Club_43 9;Club_39 4;Club_32 10;Club_6 6;Club_41 6;Club_13 10;Club_17 8;Club_31 12;Club_38 9;Club_21 7;Club_43 11;Club_28 8;Club_0 7;Club_4 6;
Club_49 1;Club_17 1;Club_49 2;Club_42 1;Club_36 2;Club_34 2;Club_12 1;Club_43 1;Club_26 3;Club_25 3;Club_49 6;Club_47 4;Club_42 4;Club_41 2;Club_16 2;Club_13 4;Club_33 5;Club_31 6;Club_45 4;Club_11 2;Club_35 5;Club_28 3;Club_15 2;Club_25 9;Club_7 4;Club_41 5;Club_18 6;Club_44 9;Club_44 10;Club_38 6;Club_30 6;Club_32 9;Club_13 7;Club_48 9;Club_15 5;Club_11 7;Club_25 14;Club_19 9;Club_14 10;Club_11 10;Club_15 8;Club_44 11;Club_32 12;Club_39 8;Club_49 14;Club_23 7;Club_41 7;Club_47 13;Club_41 8;Club_15 13;
Club_26 1;Club_37 3;Club_39 1;Club_14 3;Club_32 3;Club_16 1;Club_1 1;Club_44 3;Club_24 2;Club_14 4;Club_21 2;Club_46 2;Club_14 6;Club_24 4;Club_49 9;Club_34 6;Club_38 2;Club_12 6;Club_21 3;Club_45 6;Club_48 4;Club_33 6;Club_20 6;Club_25 10;Club_30 4;Club_21 4;Club_17 5;Club_23 3;Club_35 10;Club_7 5;Club_32 8;Club_25 12;Club_21 6;Club_10 5;Club_30 8;Club_27 4;Club_15 6;Club_26 9;Club_32 11;Club_3 4;Club_0 5;Club_5 9;Club_10 6;Club_38 8;Club_3 6;Club_47 12;Club_45 11;Club_6 7;Club_17 9;Club_43 13;
Club_25 1;Club_28 1;Club_14 1;Club_25 2;Club_47 1;Club_13 2;Club_33 2;Club_18 3;Club_1 2;Club_8 3;Club_49 7;Club_34 4;Club_8 5;Club_8 6;Club_0 2;Club_35 3;Club_30 3;Club_8 8;Club_15 1;Club_38 4;Club_36 3;Club_42 6;Club_5 4;Club_17 4;Club_35 8;Club_24 6;Club_45 9;Club_10 4;Club_20 10;Club_16 6;Club_5 6;Club_14 8;Club_16 8;Club_19 8;Club_43 7;Club_4 3;Club_43 10;Club_25 15;Club_4 4;Club_8 11;Club_47 10;Club_23 5;Club_39 5;Club_8 12;Club_7 9;Club_9 8;Club_40 5;Club_45 12;Club_36 4;Club_28 9;
Club_31 2;Club_46 1;Club_8 1;Club_29 1;Club_31 3;Club_7 1;Club_12 2;Club_29 2;Club_43 2;Club_33 4;Club_13 3;Club_49 8;Club_42 5;Club_34 5;Club_48 3;Club_29 4;Club_25 6;Club_29 5;Club_29 6;Club_40 2;Club_35 6;Club_28 4;Club_45 7;Club_34 10;Club_5 5;Club_24 7;Club_48 7;Club_20 8;Club_19 5;Club_47 7;Club_30 7;Club_25 13;Club_35 11;Club_46 3;Club_46 4;Club_5 7;Club_7 7;Club_11 8;Club_26 10;Club_12 12;Club_2 8;Club_12 13;Club_48 11;Club_7 8;Club_4 5;Club_14 11;Club_24 14;Club_49 15;Club_2 9;Club_37 9;
Club_5 1;Club_13 1;Club_14 2;Club_9 2;Club_47 2;Club_27 1;Club_33 3;Club_17 2;Club_12 3;Club_10 2;Club_1 3;Club_12 4;Club_45 2;Club_45 3;Club_25 5;Club_28 2;Club_20 3;Club_5 3;Club_26 6;Club_31 7;Club_11 3;Club_28 5;Club_34 8;Club_18 5;Club_11 5;Club_49 11;Club_24 9;Club_25 11;Club_1 7;Club_42 8;Club_9 7;Club_31 10;Club_2 5;Club_2 6;Club_33 9;Club_47 9;Club_48 10;Club_11 9;Club_0 4;Club_42 10;Club_22 5;Club_34 14;Club_24 12;Club_15 10;Club_0 6;Club_7 10;Club_35 15;Club_48 12;Club_9 9;Club_1 10;
Club_18 1;Club_38 1;Club_36 1;Club_44 1;Club_41 1;Club_10 1;Club_31 4;Club_3 1;Club_44 4;Club_8 4;Club_9 4;Club_19 2;Club_26 5;Club_20 2;Club_47 5;Club_43 4;Club_13 5;Club_22 2;Club_17 3;Club_16 4;Club_38 5;Club_18 4;Club_19 4;Club_45 8;Club_41 4;Club_20 7;Club_35 9;Club_48 8;Club_2 4;Club_30 5;Club_12 10;Club_22 4;Club_1 8;Club_24 10;Club_11 6;Club_2 7;Club_40 4;Club_3 3;Club_28 7;Club_26 11;Club_24 11;Club_34 15;Club_11 11;Club_37 8;Club_3 7;Club_35 14;Club_3 8;Club_44 12;Club_0 8;Club_7 11;
;;;;;;;;;;;;;;;;;;;;;;;;;;;;;;;;;;;;;;;;;;;;;;;;;;
;;;;;;;;;;;;;;;;;;;;;;;;;;;;;;;;;;;;;;;;;;;;;;;;;;
;;;;;;;;;;;;;;;;;;;;;;;;;;;;;;;;;;;;;;;;;;;;;;;;;;
;;;;;;;;;;;;;;;;;;;;;;;;;;;;;;;;;;;;;;;;;;;;;;;;;;
