Group_0 [10];Group_1 [10];Group_2 [10];Group_3 [10];Group_4 [10];Group_5 [10];Group_6 [10];Group_7 [10];Group_8 [10];Group_9 [10];Group_10 [10];Group_11 [10];Group_12 [10];Group_13 [10];Group_14 [10];Group_15 [10];Group_16 [10];Group_17 [10];Group_18 [10];Group_19 [10];Group_20 [10];Group_21 [10];Group_22 [10];Group_23 [10];Group_24 [10];Group_25 [10];Group_26 [10];Group_27 [10];Group_28 [10];Group_29 [10];Group_30 [10];Group_31 [10];Group_32 [10];Group_33 [10];Group_34 [10];Group_35 [10];Group_36 [10];Group_37 [10];Group_38 [10];Group_39 [10];Group_40 [10];Group_41 [10];Group_42 [10];Group_43 [10];Group_44 [10];Group_45 [10];Group_46 [10];Group_47 [10];Group_48 [10];Group_49 [10];
Club_11 1;Club_19 2;Club_0 1;Club_7 3;Club_10 4;Club_16 2;Club_12 3;Club_1 4;Club_19 6;Club_9 6;Club_12 6;Club_7 12;Club_18 9;Club_12 8;Club_7 15;Club_1 8;Club_0 7;Club_19 11;Club_10 9;Club_4 7;Club_15 12;Club_4 9;Club_14 12;Club_9 16;Club_4 11;Club_8 13;Club_17 17;Club_3 16;Club_10 15;Club_4 17;Club_7 23;Club_0 14;Club_7 24;Club_9 21;Club_11 14;Club_18 17;Club_17 21;Club_14 20;Club_5 16;Club_1 17;Club_16 17;Club_18 20;Club_10 21;Club_1 19;Club_18 23;Club_3 27;Club_2 18;Club_13 27;Club_1 22;Club_13 30;
Club_10 1;Club_12 1;Club_17 4;Club_3 3;Club_8 4;Club_12 2;Club_9 4;Club_7 6;Club_1 5;Club_15 8;Club_15 10;Club_11 3;Club_17 9;Club_3 10;Club_13 6;Club_8 9;Club_19 9;Club_9 9;Club_19 12;Club_16 7;Club_19 15;Club_7 20;Club_6 12;Club_17 14;Club_19 17;Club_6 14;Club_9 18;Club_18 12;Club_14 14;Club_17 20;Club_1 13;Club_12 18;Club_19 18;Club_11 13;Club_18 16;Club_8 18;Club_16 12;Club_15 17;Club_3 24;Club_17 25;Club_2 16;Club_15 20;Club_2 17;Club_13 23;Club_4 27;Club_13 24;Club_0 22;Club_16 21;Club_3 29;Club_1 23;
Club_8 1;Club_7 1;Club_6 2;Club_3 4;Club_2 1;Club_4 3;Club_8 5;Club_9 5;Club_12 4;Club_10 6;Club_2 2;Club_0 3;Club_0 4;Club_6 6;Club_13 7;Club_12 10;Club_4 6;Club_14 10;Club_19 13;Club_6 10;Club_7 19;Club_11 8;Club_9 14;Club_0 9;Club_5 7;Club_4 13;Club_8 14;Club_8 15;Club_15 15;Club_16 11;Club_5 10;Club_11 11;Club_11 12;Club_3 18;Club_13 21;Club_6 18;Club_7 27;Club_8 19;Club_3 25;Club_11 16;Club_17 27;Club_10 20;Club_18 22;Club_4 25;Club_15 21;Club_14 23;Club_19 23;Club_10 27;Club_16 22;Club_0 24;
Club_9 1;Club_17 2;Club_15 3;Club_8 2;Club_9 2;Club_18 2;Club_14 3;Club_5 3;Club_18 5;Club_4 4;Club_3 7;Club_7 13;Club_15 11;Club_9 7;Club_8 8;Club_8 10;Club_2 3;Club_18 10;Club_7 18;Club_11 7;Club_17 13;Club_14 11;Club_15 14;Club_7 21;Club_12 12;Club_4 14;Club_11 9;Club_13 16;Club_13 17;Club_0 13;Club_9 20;Club_3 17;Club_13 20;Club_6 17;Club_2 13;Club_2 14;Club_3 20;Club_15 18;Club_16 15;Club_16 16;Club_1 18;Club_17 28;Club_7 28;Club_0 20;Club_12 21;Club_10 23;Club_19 24;Club_8 23;Club_12 23;Club_11 19;
Club_17 1;Club_17 3;Club_0 2;Club_13 1;Club_15 4;Club_18 3;Club_1 3;Club_7 7;Club_17 6;Club_18 7;Club_7 10;Club_17 7;Club_11 5;Club_16 5;Club_9 8;Club_19 8;Club_2 4;Club_17 11;Club_17 12;Club_2 6;Club_10 10;Club_9 12;Club_9 15;Club_0 10;Club_17 15;Club_5 8;Club_11 10;Club_4 15;Club_12 16;Club_2 10;Club_6 15;Club_8 17;Club_19 19;Club_0 15;Club_3 19;Club_4 20;Club_17 22;Club_3 22;Club_4 23;Club_11 17;Club_0 19;Club_18 21;Club_16 18;Club_17 32;Club_0 21;Club_18 24;Club_9 26;Club_0 23;Club_19 25;Club_9 29;
Club_15 1;Club_6 1;Club_10 2;Club_7 4;Club_4 2;Club_14 2;Club_10 5;Club_18 4;Club_16 3;Club_7 9;Club_13 4;Club_14 8;Club_16 4;Club_10 7;Club_10 8;Club_13 8;Club_11 6;Club_6 8;Club_2 5;Club_9 11;Club_3 13;Club_5 5;Club_5 6;Club_19 16;Club_10 12;Club_2 8;Club_12 14;Club_0 12;Club_4 16;Club_1 11;Club_12 17;Club_2 11;Club_10 18;Club_2 12;Club_14 18;Club_18 18;Club_13 22;Club_17 23;Club_1 16;Club_17 26;Club_12 20;Club_19 21;Club_4 24;Club_9 24;Club_17 33;Club_18 25;Club_10 24;Club_13 28;Club_3 30;Club_10 28;
Club_19 1;Club_16 1;Club_19 3;Club_10 3;Club_14 1;Club_13 2;Club_7 5;Club_17 5;Club_11 2;Club_18 8;Club_5 4;Club_11 4;Club_8 6;Club_19 7;Club_12 9;Club_14 9;Club_7 16;Club_16 6;Club_3 12;Club_13 11;Club_18 11;Club_15 13;Club_6 13;Club_13 14;Club_16 10;Club_5 9;Club_12 15;Club_17 19;Club_14 15;Club_1 12;Club_18 13;Club_6 16;Club_5 12;Club_5 14;Club_19 20;Club_4 21;Club_16 13;Club_3 23;Club_10 19;Club_2 15;Club_14 21;Club_17 29;Club_17 30;Club_16 19;Club_1 20;Club_6 20;Club_10 25;Club_3 28;Club_4 28;Club_4 29;
Club_15 2;Club_4 1;Club_7 2;Club_3 5;Club_3 6;Club_15 5;Club_14 4;Club_7 8;Club_13 3;Club_12 5;Club_14 7;Club_12 7;Club_6 5;Club_8 7;Club_0 5;Club_13 9;Club_19 10;Club_0 8;Club_8 11;Club_4 8;Club_16 8;Club_16 9;Club_4 10;Club_9 17;Club_12 13;Club_17 16;Club_10 14;Club_1 10;Club_10 16;Club_14 16;Club_5 11;Club_18 14;Club_1 15;Club_7 25;Club_11 15;Club_12 19;Club_0 17;Club_5 15;Club_8 20;Club_5 17;Club_3 26;Club_5 18;Club_19 22;Club_7 29;Club_17 34;Club_1 21;Club_9 27;Club_8 24;Club_3 31;Club_16 23;
Club_5 1;Club_18 1;Club_6 3;Club_8 3;Club_6 4;Club_9 3;Club_14 5;Club_15 7;Club_14 6;Club_1 6;Club_3 8;Club_3 9;Club_4 5;Club_1 7;Club_6 7;Club_0 6;Club_3 11;Club_13 10;Club_19 14;Club_12 11;Club_13 12;Club_9 13;Club_3 14;Club_0 11;Club_4 12;Club_10 13;Club_14 13;Club_7 22;Club_9 19;Club_14 17;Club_13 18;Club_13 19;Club_5 13;Club_0 16;Club_4 18;Club_4 22;Club_3 21;Club_15 19;Club_17 24;Club_18 19;Club_8 22;Club_6 19;Club_10 22;Club_4 26;Club_9 25;Club_13 25;Club_10 26;Club_9 28;Club_6 21;Club_12 24;
Club_3 1;Club_3 2;Club_1 1;Club_1 2;Club_5 2;Club_15 6;Club_19 4;Club_19 5;Club_18 6;Club_15 9;Club_7 11;Club_17 8;Club_13 5;Club_7 14;Club_17 10;Club_1 9;Club_7 17;Club_9 10;Club_6 9;Club_6 11;Club_10 11;Club_8 12;Club_13 13;Club_13 15;Club_2 7;Club_3 15;Club_17 18;Club_2 9;Club_15 16;Club_8 16;Club_1 14;Club_10 17;Club_18 15;Club_7 26;Club_4 19;Club_14 19;Club_16 14;Club_0 18;Club_9 22;Club_8 21;Club_9 23;Club_5 19;Club_17 31;Club_14 22;Club_12 22;Club_13 26;Club_16 20;Club_13 29;Club_11 18;Club_3 32;
;;;;;;;;;;;;;;;;;;;;;;;;;;;;;;;;;;;;;;;;;;;;;;;;;;
;;;;;;;;;;;;;;;;;;;;;;;;;;;;;;;;;;;;;;;;;;;;;;;;;;
;;;;;;;;;;;;;;;;;;;;;;;;;;;;;;;;;;;;;;;;;;;;;;;;;;
;;;;;;;;;;;;;;;;;;;;;;;;;;;;;;;;;;;;;;;;;;;;;;;;;;
