Group_0 [10];Group_1 [10];Group_2 [10];Group_3 [10];Group_4 [10];Group_5 [10];Group_6 [10];Group_7 [10];Group_8 [10];Group_9 [10];Group_10 [10];Group_11 [10];Group_12 [10];Group_13 [10];Group_14 [10];Group_15 [10];Group_16 [10];Group_17 [10];Group_18 [10];Group_19 [10];Group_20 [10];Group_21 [10];Group_22 [10];Group_23 [10];Group_24 [10];Group_25 [10];Group_26 [10];Group_27 [10];Group_28 [10];Group_29 [10];Group_30 [10];Group_31 [10];Group_32 [10];Group_33 [10];Group_34 [10];Group_35 [10];Group_36 [10];Group_37 [10];Group_38 [10];Group_39 [10];Group_40 [10];Group_41 [10];Group_42 [10];Group_43 [10];Group_44 [10];Group_45 [10];Group_46 [10];Group_47 [10];Group_48 [10];Group_49 [10];
Club_36 1;Club_102 1;Club_106 1;Club_2 1;Club_131 2;Club_185 1;Club_134 2;Club_10 1;Club_167 1;Club_151 1;Club_30 1;Club_199 1;Club_182 2;Club_125 2;Club_125 3;Club_76 1;Club_64 1;Club_114 1;Club_17 5;Club_188 1;Club_23 1;Club_46 5;Club_67 1;Club_184 3;Club_98 2;Club_120 2;Club_1 3;Club_142 1;Club_148 2;Club_49 2;Club_156 3;Club_163 4;Club_73 3;Club_56 3;Club_174 3;Club_148 3;Club_7 2;Club_5 2;Club_101 2;Club_14 3;Club_113 1;Club_72 3;Club_2 3;Club_122 4;Club_176 4;Club_156 5;Club_130 3;Club_61 4;Club_8 4;Club_17 9;
Club_73 1;Club_61 1;Club_32 2;Club_77 1;Club_9 1;Club_97 1;Club_56 1;Club_17 1;Club_17 2;Club_193 1;Club_171 2;Club_42 2;Club_192 3;Club_133 1;Club_59 2;Club_103 1;Club_91 1;Club_15 1;Club_9 2;Club_82 2;Club_163 3;Club_49 1;Club_130 2;Club_80 1;Club_10 3;Club_191 2;Club_99 4;Club_180 4;Club_123 2;Club_108 3;Club_77 2;Club_84 2;Club_171 4;Club_116 4;Club_8 2;Club_71 5;Club_8 3;Club_90 3;Club_100 2;Club_196 6;Club_99 5;Club_144 2;Club_187 1;Club_114 6;Club_57 4;Club_93 4;Club_61 3;Club_155 4;Club_17 8;Club_147 2;
Club_87 1;Club_32 1;Club_3 1;Club_131 1;Club_176 1;Club_192 2;Club_44 1;Club_184 1;Club_161 1;Club_17 3;Club_185 2;Club_68 2;Club_145 1;Club_39 2;Club_119 2;Club_8 1;Club_107 2;Club_88 1;Club_196 3;Club_176 2;Club_93 2;Club_136 1;Club_164 1;Club_54 1;Club_105 1;Club_78 1;Club_64 2;Club_48 2;Club_20 3;Club_0 1;Club_111 2;Club_67 2;Club_73 4;Club_39 5;Club_55 2;Club_196 5;Club_122 2;Club_26 2;Club_28 3;Club_68 5;Club_141 2;Club_98 3;Club_111 3;Club_126 2;Club_160 3;Club_97 3;Club_14 4;Club_125 5;Club_94 2;Club_5 4;
Club_29 1;Club_171 1;Club_71 1;Club_34 1;Club_7 1;Club_90 1;Club_116 2;Club_55 1;Club_112 1;Club_119 1;Club_46 1;Club_39 1;Club_184 2;Club_180 2;Club_40 2;Club_131 3;Club_185 3;Club_46 3;Club_178 3;Club_158 1;Club_23 2;Club_94 1;Club_162 2;Club_33 1;Club_95 1;Club_48 1;Club_110 2;Club_45 3;Club_15 3;Club_137 2;Club_132 1;Club_57 3;Club_65 2;Club_60 2;Club_137 4;Club_3 2;Club_104 1;Club_146 3;Club_155 3;Club_43 2;Club_104 3;Club_189 1;Club_114 5;Club_116 5;Club_22 3;Club_79 4;Club_37 1;Club_195 2;Club_84 5;Club_111 4;
Club_14 1;Club_172 1;Club_110 1;Club_13 1;Club_196 1;Club_12 2;Club_120 1;Club_82 1;Club_141 1;Club_68 1;Club_147 1;Club_59 1;Club_125 1;Club_56 2;Club_166 2;Club_1 2;Club_134 3;Club_72 1;Club_57 2;Club_101 1;Club_16 2;Club_171 3;Club_160 2;Club_116 3;Club_15 2;Club_107 3;Club_128 1;Club_66 1;Club_153 2;Club_109 2;Club_114 2;Club_181 2;Club_72 2;Club_83 2;Club_163 5;Club_144 1;Club_185 5;Club_39 6;Club_129 2;Club_93 3;Club_55 3;Club_90 4;Club_123 3;Club_138 2;Club_132 2;Club_87 3;Club_88 2;Club_68 6;Club_4 1;Club_131 4;
Club_31 1;Club_12 1;Club_178 1;Club_175 1;Club_21 1;Club_116 1;Club_42 1;Club_99 3;Club_21 2;Club_169 1;Club_165 2;Club_96 1;Club_17 4;Club_40 1;Club_57 1;Club_143 1;Club_75 3;Club_163 2;Club_182 3;Club_148 1;Club_137 1;Club_23 3;Club_185 4;Club_87 2;Club_170 2;Club_45 2;Club_140 1;Club_184 4;Club_121 1;Club_33 2;Club_76 2;Club_188 3;Club_39 4;Club_32 3;Club_196 4;Club_125 4;Club_41 1;Club_5 3;Club_124 4;Club_85 4;Club_54 2;Club_114 3;Club_108 4;Club_3 3;Club_178 4;Club_67 3;Club_120 4;Club_170 4;Club_95 3;Club_127 2;
Club_52 1;Club_79 1;Club_153 1;Club_182 1;Club_154 1;Club_165 1;Club_194 1;Club_28 1;Club_20 1;Club_135 1;Club_165 3;Club_81 1;Club_65 1;Club_138 1;Club_84 1;Club_146 2;Club_127 1;Club_93 1;Club_170 1;Club_46 4;Club_25 1;Club_14 2;Club_73 2;Club_83 1;Club_95 2;Club_155 1;Club_170 3;Club_174 1;Club_154 4;Club_174 2;Club_118 1;Club_155 2;Club_43 1;Club_97 2;Club_74 1;Club_32 4;Club_9 4;Club_104 2;Club_62 1;Club_143 2;Club_17 6;Club_73 6;Club_122 3;Club_26 3;Club_173 1;Club_46 6;Club_54 3;Club_10 4;Club_21 4;Club_80 2;
Club_181 1;Club_166 1;Club_85 1;Club_180 1;Club_99 2;Club_191 1;Club_150 1;Club_196 2;Club_12 3;Club_92 1;Club_98 1;Club_111 1;Club_27 1;Club_117 1;Club_179 1;Club_40 3;Club_115 1;Club_12 4;Club_51 1;Club_53 2;Club_108 1;Club_19 1;Club_9 3;Club_103 2;Club_81 2;Club_90 2;Club_188 2;Club_28 2;Club_194 2;Club_137 3;Club_153 3;Club_157 1;Club_22 1;Club_92 2;Club_174 4;Club_191 3;Club_40 4;Club_42 3;Club_9 5;Club_121 2;Club_137 5;Club_40 5;Club_176 3;Club_197 2;Club_31 3;Club_124 5;Club_17 7;Club_18 3;Club_121 3;Club_146 4;
Club_99 1;Club_70 1;Club_178 2;Club_160 1;Club_134 1;Club_16 1;Club_154 2;Club_149 1;Club_69 1;Club_149 2;Club_162 1;Club_163 1;Club_107 1;Club_180 3;Club_146 1;Club_109 1;Club_60 1;Club_159 1;Club_71 2;Club_39 3;Club_29 2;Club_71 3;Club_164 2;Club_45 1;Club_100 1;Club_20 2;Club_63 1;Club_183 1;Club_122 1;Club_120 3;Club_18 1;Club_26 1;Club_197 1;Club_190 1;Club_5 1;Club_129 1;Club_22 2;Club_109 3;Club_73 5;Club_59 3;Club_82 3;Club_114 4;Club_18 2;Club_102 3;Club_166 3;Club_51 2;Club_30 2;Club_199 2;Club_104 4;Club_160 4;
Club_31 2;Club_53 1;Club_126 1;Club_75 1;Club_192 1;Club_1 1;Club_85 2;Club_156 1;Club_75 2;Club_154 3;Club_79 2;Club_2 2;Club_124 1;Club_6 1;Club_10 2;Club_123 1;Club_46 2;Club_195 1;Club_79 3;Club_85 3;Club_68 3;Club_130 1;Club_108 2;Club_124 2;Club_61 2;Club_11 1;Club_156 2;Club_102 2;Club_23 4;Club_124 3;Club_75 4;Club_71 4;Club_167 2;Club_53 3;Club_161 2;Club_153 4;Club_156 4;Club_139 1;Club_68 4;Club_145 2;Club_21 3;Club_84 3;Club_158 2;Club_197 3;Club_180 5;Club_32 5;Club_99 6;Club_84 4;Club_145 3;Club_44 2;
;;;;;;;;;;;;;;;;;;;;;;;;;;;;;;;;;;;;;;;;;;;;;;;;;;
;;;;;;;;;;;;;;;;;;;;;;;;;;;;;;;;;;;;;;;;;;;;;;;;;;
;;;;;;;;;;;;;;;;;;;;;;;;;;;;;;;;;;;;;;;;;;;;;;;;;;
;;;;;;;;;;;;;;;;;;;;;;;;;;;;;;;;;;;;;;;;;;;;;;;;;;
