Group_0 [10];Group_1 [10];Group_2 [10];Group_3 [10];Group_4 [10];Group_5 [10];Group_6 [10];Group_7 [10];Group_8 [10];Group_9 [10];Group_10 [10];Group_11 [10];Group_12 [10];Group_13 [10];Group_14 [10];Group_15 [10];Group_16 [10];Group_17 [10];Group_18 [10];Group_19 [10];Group_20 [10];Group_21 [10];Group_22 [10];Group_23 [10];Group_24 [10];Group_25 [10];Group_26 [10];Group_27 [10];Group_28 [10];Group_29 [10];Group_30 [10];Group_31 [10];Group_32 [10];Group_33 [10];Group_34 [10];Group_35 [10];Group_36 [10];Group_37 [10];Group_38 [10];Group_39 [10];Group_40 [10];Group_41 [10];Group_42 [10];Group_43 [10];Group_44 [10];Group_45 [10];Group_46 [10];Group_47 [10];Group_48 [10];Group_49 [10];
Club_443 1;Club_32 1;Club_226 1;Club_23 1;Club_322 1;Club_299 1;Club_441 1;Club_28 1;Club_445 1;Club_386 1;Club_249 1;Club_477 1;Club_16 1;Club_178 1;Club_210 2;Club_236 1;Club_420 1;Club_442 1;Club_339 1;Club_495 1;Club_69 1;Club_251 1;Club_70 1;Club_266 1;Club_339 2;Club_156 1;Club_163 1;Club_128 1;Club_289 1;Club_275 1;Club_66 1;Club_461 1;Club_278 2;Club_45 2;Club_354 1;Club_442 2;Club_17 3;Club_192 1;Club_451 2;Club_306 2;Club_62 2;Club_84 2;Club_224 2;Club_37 3;Club_66 3;Club_462 2;Club_23 4;Club_360 2;Club_208 2;Club_166 2;
Club_242 1;Club_499 1;Club_219 1;Club_483 1;Club_193 2;Club_165 1;Club_312 1;Club_199 1;Club_288 1;Club_152 1;Club_260 1;Club_97 1;Club_346 1;Club_319 1;Club_350 1;Club_338 1;Club_260 2;Club_95 1;Club_308 1;Club_340 1;Club_494 1;Club_262 1;Club_350 2;Club_300 1;Club_32 2;Club_222 3;Club_340 2;Club_87 1;Club_138 1;Club_65 1;Club_438 1;Club_171 2;Club_168 2;Club_78 2;Club_369 2;Club_227 3;Club_208 1;Club_363 1;Club_304 5;Club_211 1;Club_110 1;Club_166 1;Club_347 1;Club_349 1;Club_441 2;Club_123 1;Club_55 2;Club_455 1;Club_334 2;Club_155 3;
Club_222 1;Club_228 1;Club_476 1;Club_304 1;Club_306 1;Club_91 1;Club_432 2;Club_259 2;Club_80 2;Club_105 1;Club_52 1;Club_20 1;Club_126 1;Club_384 1;Club_330 1;Club_331 1;Club_55 1;Club_456 1;Club_96 1;Club_250 1;Club_405 1;Club_333 1;Club_321 3;Club_288 3;Club_413 1;Club_446 1;Club_11 2;Club_373 1;Club_444 2;Club_420 2;Club_358 1;Club_11 3;Club_224 1;Club_128 2;Club_79 2;Club_366 1;Club_248 3;Club_417 2;Club_423 2;Club_181 1;Club_239 1;Club_462 1;Club_261 2;Club_276 2;Club_115 2;Club_91 2;Club_444 3;Club_494 3;Club_489 2;Club_315 3;
Club_315 1;Club_424 1;Club_80 1;Club_118 1;Club_490 1;Club_458 1;Club_390 1;Club_448 1;Club_34 1;Club_221 1;Club_304 3;Club_226 3;Club_135 1;Club_297 1;Club_344 1;Club_23 2;Club_288 2;Club_37 2;Club_0 1;Club_392 1;Club_342 1;Club_322 2;Club_199 2;Club_89 1;Club_170 1;Club_242 2;Club_407 1;Club_369 1;Club_390 2;Club_42 1;Club_34 2;Club_279 1;Club_57 1;Club_470 2;Club_233 2;Club_476 3;Club_73 1;Club_461 3;Club_5 1;Club_488 2;Club_413 2;Club_60 2;Club_398 2;Club_475 1;Club_19 2;Club_100 1;Club_52 2;Club_8 2;Club_386 5;Club_307 1;
Club_294 1;Club_452 1;Club_399 1;Club_259 1;Club_162 1;Club_225 1;Club_304 2;Club_15 1;Club_401 1;Club_449 1;Club_150 1;Club_28 2;Club_389 1;Club_304 4;Club_291 1;Club_78 1;Club_267 1;Club_278 1;Club_308 2;Club_23 3;Club_126 2;Club_338 3;Club_262 2;Club_476 2;Club_173 1;Club_50 1;Club_383 2;Club_448 2;Club_424 4;Club_268 2;Club_68 1;Club_380 1;Club_375 1;Club_248 2;Club_134 1;Club_348 1;Club_28 4;Club_198 1;Club_103 1;Club_433 1;Club_109 3;Club_431 2;Club_74 1;Club_403 1;Club_478 1;Club_306 3;Club_499 2;Club_471 1;Club_455 2;Club_324 2;
Club_383 1;Club_302 1;Club_63 1;Club_285 1;Club_226 2;Club_232 1;Club_220 1;Club_228 2;Club_444 1;Club_417 1;Club_371 1;Club_312 2;Club_165 2;Club_102 1;Club_109 1;Club_64 1;Club_155 2;Club_97 3;Club_305 1;Club_18 1;Club_428 1;Club_414 2;Club_21 1;Club_353 2;Club_96 2;Club_32 3;Club_439 1;Club_482 1;Club_483 2;Club_267 2;Club_187 1;Club_138 2;Club_195 1;Club_488 1;Club_329 1;Club_17 2;Club_169 1;Club_161 1;Club_109 2;Club_315 2;Club_54 2;Club_276 1;Club_19 1;Club_94 1;Club_225 2;Club_423 3;Club_8 1;Club_490 2;Club_153 1;Club_145 1;
Club_180 1;Club_283 1;Club_93 1;Club_33 1;Club_155 1;Club_176 1;Club_168 1;Club_113 1;Club_233 1;Club_200 1;Club_106 1;Club_117 1;Club_481 1;Club_387 1;Club_178 2;Club_97 2;Club_299 2;Club_201 1;Club_338 2;Club_387 2;Club_112 1;Club_355 1;Club_82 1;Club_287 1;Club_30 1;Club_494 2;Club_88 1;Club_421 1;Club_470 1;Club_420 3;Club_393 1;Club_86 1;Club_461 2;Club_25 1;Club_115 1;Club_358 2;Club_327 1;Club_257 1;Club_362 1;Club_54 1;Club_261 1;Club_246 1;Club_206 1;Club_461 4;Club_282 1;Club_121 1;Club_411 1;Club_408 3;Club_485 1;Club_76 4;
Club_398 1;Club_193 1;Club_284 1;Club_83 1;Club_432 1;Club_6 1;Club_210 1;Club_268 1;Club_193 3;Club_464 1;Club_449 2;Club_453 2;Club_290 1;Club_265 1;Club_37 1;Club_408 1;Club_137 1;Club_38 2;Club_345 1;Club_495 2;Club_180 2;Club_321 1;Club_480 1;Club_293 1;Club_167 2;Club_227 1;Club_236 2;Club_60 1;Club_323 1;Club_482 2;Club_496 1;Club_428 2;Club_285 2;Club_122 1;Club_368 1;Club_370 1;Club_38 3;Club_285 3;Club_90 1;Club_364 1;Club_426 1;Club_130 1;Club_445 2;Club_50 2;Club_334 1;Club_132 2;Club_263 1;Club_289 2;Club_325 1;Club_331 2;
Club_127 1;Club_431 1;Club_400 1;Club_395 1;Club_385 1;Club_424 2;Club_353 1;Club_222 2;Club_451 1;Club_76 2;Club_62 1;Club_17 1;Club_38 1;Club_254 1;Club_59 1;Club_22 1;Club_248 1;Club_493 1;Club_423 1;Club_419 1;Club_12 1;Club_321 2;Club_425 1;Club_412 1;Club_136 1;Club_416 1;Club_154 1;Club_164 1;Club_241 1;Club_150 2;Club_394 1;Club_274 1;Club_492 1;Club_416 2;Club_28 3;Club_226 4;Club_243 1;Club_354 2;Club_383 4;Club_251 2;Club_270 1;Club_374 1;Club_207 1;Club_489 1;Club_267 3;Club_139 1;Club_164 2;Club_238 1;Club_435 1;Club_289 3;
Club_45 1;Club_76 1;Club_453 1;Club_11 1;Club_212 1;Club_84 1;Club_474 1;Club_79 1;Club_414 1;Club_9 1;Club_324 1;Club_4 1;Club_194 1;Club_132 1;Club_56 1;Club_396 1;Club_336 1;Club_47 1;Club_167 1;Club_255 1;Club_18 2;Club_106 2;Club_33 2;Club_64 2;Club_424 3;Club_360 1;Club_227 2;Club_386 2;Club_218 1;Club_408 2;Club_171 1;Club_76 3;Club_383 3;Club_249 2;Club_412 2;Club_66 2;Club_373 2;Club_308 3;Club_203 1;Club_386 3;Club_250 2;Club_126 3;Club_386 4;Club_380 2;Club_389 2;Club_292 1;Club_214 1;Club_453 3;Club_105 2;Club_493 2;
;;;;;;;;;;;;;;;;;;;;;;;;;;;;;;;;;;;;;;;;;;;;;;;;;;
;;;;;;;;;;;;;;;;;;;;;;;;;;;;;;;;;;;;;;;;;;;;;;;;;;
;;;;;;;;;;;;;;;;;;;;;;;;;;;;;;;;;;;;;;;;;;;;;;;;;;
;;;;;;;;;;;;;;;;;;;;;;;;;;;;;;;;;;;;;;;;;;;;;;;;;;
