Group_0 [10];Group_1 [10];Group_2 [10];Group_3 [10];Group_4 [10];Group_5 [10];Group_6 [10];Group_7 [10];Group_8 [10];Group_9 [10];Group_10 [10];Group_11 [10];Group_12 [10];Group_13 [10];Group_14 [10];Group_15 [10];Group_16 [10];Group_17 [10];Group_18 [10];Group_19 [10];
Club_46 1;Club_48 2;Club_8 2;Club_24 1;Club_22 2;Club_38 2;Club_24 2;Club_6 2;Club_15 3;Club_38 4;Club_1 3;Club_25 3;Club_12 2;Club_1 7;Club_12 3;Club_35 5;Club_21 3;Club_5 6;Club_47 7;Club_36 4;
Club_4 1;Club_25 2;Club_36 1;Club_14 1;Club_34 1;Club_3 3;Club_39 4;Club_48 5;Club_30 2;Club_5 3;Club_32 2;Club_1 6;Club_38 8;Club_23 2;Club_35 4;Club_48 8;Club_35 6;Club_32 4;Club_19 1;Club_1 10;
Club_25 1;Club_15 1;Club_39 2;Club_39 3;Club_11 1;Club_2 1;Club_28 2;Club_20 4;Club_47 3;Club_26 3;Club_8 4;Club_25 4;Club_43 1;Club_13 1;Club_13 3;Club_21 2;Club_20 5;Club_27 7;Club_21 4;Club_1 11;
Club_0 1;Club_4 2;Club_20 1;Club_45 2;Club_0 4;Club_44 1;Club_18 1;Club_30 1;Club_17 1;Club_44 2;Club_26 4;Club_27 3;Club_37 2;Club_32 3;Club_11 3;Club_31 3;Club_25 6;Club_15 4;Club_1 9;Club_20 8;
Club_0 2;Club_3 1;Club_33 1;Club_6 1;Club_9 1;Club_29 1;Club_15 2;Club_5 1;Club_9 2;Club_0 5;Club_10 2;Club_38 6;Club_45 3;Club_2 3;Club_48 7;Club_38 9;Club_45 4;Club_34 2;Club_15 5;Club_32 6;
Club_41 1;Club_38 1;Club_0 3;Club_47 1;Club_10 1;Club_47 2;Club_35 1;Club_48 6;Club_47 4;Club_46 2;Club_16 2;Club_11 2;Club_35 3;Club_46 3;Club_27 5;Club_9 4;Club_20 6;Club_42 2;Club_5 7;Club_29 4;
Club_48 1;Club_45 1;Club_23 1;Club_21 1;Club_1 2;Club_3 4;Club_7 1;Club_8 3;Club_39 5;Club_30 3;Club_38 5;Club_44 3;Club_43 2;Club_31 2;Club_26 5;Club_47 5;Club_5 4;Club_47 6;Club_14 2;Club_48 9;
Club_8 1;Club_39 1;Club_32 1;Club_22 1;Club_48 3;Club_27 2;Club_2 2;Club_26 2;Club_38 3;Club_33 2;Club_1 4;Club_38 7;Club_29 2;Club_25 5;Club_30 4;Club_11 4;Club_2 4;Club_41 3;Club_38 10;Club_3 5;
Club_31 1;Club_3 2;Club_28 1;Club_37 1;Club_20 2;Club_41 2;Club_20 3;Club_5 2;Club_42 1;Club_35 2;Club_18 2;Club_9 3;Club_27 4;Club_23 3;Club_1 8;Club_27 6;Club_5 5;Club_26 6;Club_20 7;Club_45 5;
Club_26 1;Club_4 3;Club_27 1;Club_1 1;Club_12 1;Club_16 1;Club_48 4;Club_36 2;Club_7 2;Club_28 3;Club_1 5;Club_22 3;Club_29 3;Club_13 2;Club_36 3;Club_13 4;Club_0 6;Club_32 5;Club_34 3;Club_30 5;
;;;;;;;;;;;;;;;;;;;;
;;;;;;;;;;;;;;;;;;;;
;;;;;;;;;;;;;;;;;;;;
;;;;;;;;;;;;;;;;;;;;
