Group_0 [10];Group_1 [10];Group_2 [10];Group_3 [10];Group_4 [10];Group_5 [10];Group_6 [10];Group_7 [10];Group_8 [10];Group_9 [10];Group_10 [10];Group_11 [10];Group_12 [10];Group_13 [10];Group_14 [10];Group_15 [10];Group_16 [10];Group_17 [10];Group_18 [10];Group_19 [10];Group_20 [10];Group_21 [10];Group_22 [10];Group_23 [10];Group_24 [10];Group_25 [10];Group_26 [10];Group_27 [10];Group_28 [10];Group_29 [10];Group_30 [10];Group_31 [10];Group_32 [10];Group_33 [10];Group_34 [10];Group_35 [10];Group_36 [10];Group_37 [10];Group_38 [10];Group_39 [10];Group_40 [10];Group_41 [10];Group_42 [10];Group_43 [10];Group_44 [10];Group_45 [10];Group_46 [10];Group_47 [10];Group_48 [10];Group_49 [10];
Club_194 1;Club_126 1;Club_104 1;Club_146 1;Club_118 1;Club_137 1;Club_170 2;Club_49 1;Club_120 2;Club_179 1;Club_146 3;Club_72 1;Club_21 3;Club_127 2;Club_161 2;Club_61 4;Club_114 2;Club_178 3;Club_39 2;Club_70 2;Club_8 1;Club_119 2;Club_98 2;Club_167 2;Club_133 2;Club_176 2;Club_141 2;Club_59 1;Club_155 1;Club_194 3;Club_167 3;Club_145 3;Club_14 4;Club_53 1;Club_170 7;Club_190 5;Club_132 1;Club_30 1;Club_22 2;Club_60 3;Club_184 2;Club_47 2;Club_59 3;Club_127 4;Club_174 4;Club_54 1;Club_154 2;Club_193 2;Club_162 4;Club_198 4;
Club_21 1;Club_170 1;Club_116 1;Club_15 1;Club_68 1;Club_120 1;Club_170 3;Club_145 1;Club_55 1;Club_79 1;Club_136 2;Club_45 1;Club_0 1;Club_198 1;Club_49 2;Club_2 3;Club_91 3;Club_56 1;Club_39 3;Club_182 3;Club_138 2;Club_198 2;Club_195 1;Club_52 2;Club_170 5;Club_119 4;Club_14 2;Club_42 5;Club_51 3;Club_192 1;Club_131 1;Club_14 3;Club_70 5;Club_130 2;Club_41 3;Club_120 4;Club_84 3;Club_111 3;Club_66 1;Club_77 4;Club_139 1;Club_35 3;Club_46 1;Club_177 4;Club_115 5;Club_95 2;Club_149 1;Club_55 3;Club_192 3;Club_178 5;
Club_161 1;Club_189 1;Club_156 1;Club_121 2;Club_50 1;Club_189 2;Club_116 2;Club_58 1;Club_92 1;Club_42 1;Club_10 1;Club_69 1;Club_68 3;Club_100 1;Club_123 1;Club_101 1;Club_24 1;Club_2 4;Club_113 2;Club_27 2;Club_159 1;Club_137 3;Club_65 1;Club_67 3;Club_163 4;Club_174 2;Club_65 2;Club_146 6;Club_11 1;Club_23 1;Club_121 3;Club_21 4;Club_92 4;Club_65 4;Club_74 2;Club_11 2;Club_16 2;Club_173 3;Club_53 2;Club_15 3;Club_47 1;Club_128 2;Club_177 3;Club_122 2;Club_53 3;Club_97 3;Club_87 2;Club_67 4;Club_56 3;Club_165 4;
Club_115 1;Club_190 1;Club_121 1;Club_111 1;Club_96 1;Club_191 1;Club_125 1;Club_144 1;Club_70 1;Club_48 2;Club_90 1;Club_22 1;Club_10 2;Club_26 2;Club_74 1;Club_125 3;Club_194 2;Club_99 1;Club_183 1;Club_58 2;Club_177 2;Club_166 1;Club_102 1;Club_70 3;Club_27 3;Club_176 3;Club_162 2;Club_145 2;Club_24 2;Club_119 5;Club_40 2;Club_166 2;Club_162 3;Club_19 4;Club_104 4;Club_51 4;Club_124 1;Club_52 3;Club_166 3;Club_180 2;Club_182 5;Club_0 2;Club_176 4;Club_22 3;Club_194 4;Club_136 4;Club_158 1;Club_35 4;Club_198 3;Club_172 5;
Club_16 1;Club_31 1;Club_4 1;Club_94 1;Club_172 1;Club_28 1;Club_189 3;Club_151 1;Club_113 1;Club_182 2;Club_134 1;Club_5 1;Club_81 1;Club_108 2;Club_146 4;Club_119 1;Club_95 1;Club_160 2;Club_27 1;Club_80 1;Club_114 3;Club_92 2;Club_174 1;Club_163 3;Club_157 2;Club_28 3;Club_33 1;Club_154 1;Club_70 4;Club_128 1;Club_2 5;Club_5 3;Club_196 3;Club_160 4;Club_152 1;Club_41 4;Club_109 2;Club_1 1;Club_191 2;Club_23 3;Club_41 5;Club_17 4;Club_21 5;Club_74 3;Club_192 2;Club_99 5;Club_191 4;Club_3 1;Club_70 6;Club_101 2;
Club_7 1;Club_150 1;Club_196 1;Club_136 1;Club_61 1;Club_61 2;Club_125 2;Club_21 2;Club_94 2;Club_120 3;Club_35 1;Club_72 2;Club_91 2;Club_178 1;Club_51 2;Club_160 1;Club_4 2;Club_190 3;Club_84 2;Club_32 2;Club_52 1;Club_44 1;Club_17 3;Club_104 3;Club_89 2;Club_7 2;Club_178 4;Club_76 2;Club_175 1;Club_59 2;Club_118 2;Club_24 3;Club_115 4;Club_88 1;Club_77 2;Club_112 2;Club_99 3;Club_172 4;Club_135 2;Club_196 4;Club_106 1;Club_179 4;Club_81 2;Club_120 5;Club_88 2;Club_111 5;Club_14 6;Club_115 6;Club_3 2;Club_141 3;
Club_173 1;Club_138 1;Club_48 1;Club_146 2;Club_14 1;Club_68 2;Club_28 2;Club_190 2;Club_26 1;Club_63 1;Club_153 1;Club_42 2;Club_115 2;Club_110 1;Club_41 2;Club_184 1;Club_165 1;Club_108 3;Club_163 2;Club_162 1;Club_67 2;Club_104 2;Club_182 4;Club_165 2;Club_94 3;Club_42 4;Club_146 5;Club_164 2;Club_78 2;Club_5 2;Club_123 2;Club_193 1;Club_48 4;Club_31 3;Club_23 2;Club_77 3;Club_153 3;Club_64 2;Club_87 1;Club_44 2;Club_153 4;Club_126 2;Club_13 1;Club_74 4;Club_78 3;Club_52 5;Club_47 3;Club_110 3;Club_131 2;Club_153 5;
Club_167 1;Club_117 1;Club_177 1;Club_32 1;Club_141 1;Club_2 2;Club_188 2;Club_41 1;Club_180 1;Club_17 1;Club_91 1;Club_61 3;Club_114 1;Club_122 1;Club_48 3;Club_40 1;Club_50 2;Club_19 1;Club_60 2;Club_133 1;Club_19 2;Club_72 3;Club_99 2;Club_153 2;Club_119 3;Club_15 2;Club_160 3;Club_86 1;Club_111 2;Club_199 1;Club_64 1;Club_144 2;Club_171 1;Club_40 3;Club_179 3;Club_29 2;Club_119 6;Club_32 3;Club_111 4;Club_107 1;Club_28 4;Club_174 3;Club_165 3;Club_99 4;Club_100 3;Club_4 3;Club_36 2;Club_10 3;Club_142 3;Club_169 2;
Club_73 1;Club_60 1;Club_89 1;Club_38 1;Club_169 1;Club_31 2;Club_6 1;Club_29 1;Club_78 1;Club_163 1;Club_112 1;Club_108 1;Club_164 1;Club_68 4;Club_178 2;Club_67 1;Club_39 1;Club_190 4;Club_137 2;Club_100 2;Club_42 3;Club_79 2;Club_176 1;Club_36 1;Club_92 3;Club_172 2;Club_173 2;Club_172 3;Club_159 2;Club_140 1;Club_110 2;Club_65 3;Club_121 4;Club_48 5;Club_109 1;Club_142 1;Club_14 5;Club_52 4;Club_92 5;Club_196 5;Club_135 3;Club_23 5;Club_152 2;Club_68 5;Club_112 3;Club_117 2;Club_142 2;Club_99 6;Club_67 5;Club_129 1;
Club_2 1;Club_105 1;Club_157 1;Club_182 1;Club_188 1;Club_98 1;Club_127 1;Club_18 1;Club_170 4;Club_150 2;Club_17 2;Club_135 1;Club_51 1;Club_130 1;Club_179 2;Club_115 3;Club_97 1;Club_84 1;Club_82 1;Club_25 1;Club_77 1;Club_196 2;Club_76 1;Club_37 1;Club_89 3;Club_170 6;Club_105 2;Club_56 2;Club_35 2;Club_85 1;Club_19 3;Club_183 2;Club_114 4;Club_27 4;Club_55 2;Club_97 2;Club_175 2;Club_75 1;Club_127 3;Club_25 2;Club_23 4;Club_7 3;Club_60 4;Club_136 3;Club_27 5;Club_191 3;Club_179 5;Club_28 5;Club_76 3;Club_165 5;
;;;;;;;;;;;;;;;;;;;;;;;;;;;;;;;;;;;;;;;;;;;;;;;;;;
;;;;;;;;;;;;;;;;;;;;;;;;;;;;;;;;;;;;;;;;;;;;;;;;;;
;;;;;;;;;;;;;;;;;;;;;;;;;;;;;;;;;;;;;;;;;;;;;;;;;;
;;;;;;;;;;;;;;;;;;;;;;;;;;;;;;;;;;;;;;;;;;;;;;;;;;
