Group_0 [10];Group_1 [10];Group_2 [10];Group_3 [10];Group_4 [10];Group_5 [10];Group_6 [10];Group_7 [10];Group_8 [10];Group_9 [10];Group_10 [10];Group_11 [10];Group_12 [10];Group_13 [10];Group_14 [10];Group_15 [10];Group_16 [10];Group_17 [10];Group_18 [10];Group_19 [10];Group_20 [10];Group_21 [10];Group_22 [10];Group_23 [10];Group_24 [10];Group_25 [10];Group_26 [10];Group_27 [10];Group_28 [10];Group_29 [10];Group_30 [10];Group_31 [10];Group_32 [10];Group_33 [10];Group_34 [10];Group_35 [10];Group_36 [10];Group_37 [10];Group_38 [10];Group_39 [10];Group_40 [10];Group_41 [10];Group_42 [10];Group_43 [10];Group_44 [10];Group_45 [10];Group_46 [10];Group_47 [10];Group_48 [10];Group_49 [10];
Club_4 1;Club_41 1;Club_70 2;Club_23 2;Club_85 1;Club_38 1;Club_45 2;Club_80 4;Club_33 1;Club_4 3;Club_61 2;Club_15 1;Club_63 2;Club_36 3;Club_5 2;Club_32 2;Club_41 4;Club_61 3;Club_40 1;Club_19 1;Club_13 2;Club_37 5;Club_87 2;Club_95 3;Club_77 3;Club_59 6;Club_96 4;Club_71 4;Club_39 5;Club_61 4;Club_93 5;Club_6 5;Club_27 4;Club_6 6;Club_63 6;Club_56 4;Club_5 4;Club_65 3;Club_36 6;Club_2 4;Club_67 6;Club_24 5;Club_77 8;Club_9 5;Club_8 3;Club_34 2;Club_29 3;Club_70 4;Club_28 4;Club_99 6;
Club_24 1;Club_72 1;Club_87 1;Club_49 2;Club_45 1;Club_12 2;Club_93 1;Club_85 2;Club_5 1;Club_93 2;Club_92 1;Club_53 1;Club_91 1;Club_7 2;Club_88 2;Club_48 3;Club_52 4;Club_4 4;Club_21 4;Club_32 3;Club_67 3;Club_30 1;Club_59 5;Club_77 2;Club_54 2;Club_68 4;Club_12 5;Club_53 2;Club_11 4;Club_18 1;Club_15 3;Club_58 3;Club_96 5;Club_58 4;Club_39 6;Club_30 5;Club_15 4;Club_47 4;Club_47 5;Club_73 4;Club_74 7;Club_87 3;Club_78 4;Club_3 3;Club_17 4;Club_50 6;Club_68 7;Club_59 10;Club_37 8;Club_11 7;
Club_39 1;Club_39 2;Club_3 1;Club_73 2;Club_6 1;Club_9 1;Club_8 2;Club_45 3;Club_74 1;Club_2 1;Club_39 4;Club_57 1;Club_51 3;Club_38 2;Club_93 4;Club_10 1;Club_25 2;Club_64 2;Club_62 2;Club_84 3;Club_25 5;Club_15 2;Club_96 3;Club_88 3;Club_68 3;Club_9 2;Club_17 2;Club_94 7;Club_22 3;Club_77 4;Club_57 3;Club_18 2;Club_12 6;Club_98 3;Club_55 4;Club_25 6;Club_31 3;Club_53 5;Club_39 8;Club_55 5;Club_4 9;Club_81 6;Club_31 4;Club_52 9;Club_38 5;Club_66 6;Club_9 6;Club_56 7;Club_7 5;Club_61 5;
Club_65 1;Club_70 1;Club_66 1;Club_36 1;Club_48 2;Club_80 3;Club_51 2;Club_99 1;Club_33 2;Club_27 1;Club_21 2;Club_12 3;Club_94 4;Club_12 4;Club_50 2;Club_6 2;Club_78 1;Club_69 1;Club_11 1;Club_11 2;Club_81 4;Club_24 3;Club_67 4;Club_81 5;Club_28 1;Club_97 1;Club_94 6;Club_19 3;Club_1 1;Club_72 4;Club_13 4;Club_11 5;Club_44 3;Club_36 5;Club_30 4;Club_53 4;Club_35 2;Club_99 5;Club_71 6;Club_17 3;Club_12 9;Club_76 4;Club_77 9;Club_57 4;Club_66 5;Club_66 7;Club_72 5;Club_33 6;Club_28 5;Club_98 5;
Club_17 1;Club_21 1;Club_59 1;Club_88 1;Club_96 1;Club_26 1;Club_67 1;Club_3 2;Club_82 2;Club_71 1;Club_21 3;Club_82 3;Club_67 2;Club_84 2;Club_47 1;Club_7 3;Club_49 4;Club_85 4;Club_25 3;Club_86 1;Club_52 5;Club_56 1;Club_33 3;Club_89 1;Club_69 2;Club_43 3;Club_80 6;Club_54 3;Club_84 4;Club_16 2;Club_80 7;Club_56 3;Club_31 2;Club_1 2;Club_46 1;Club_48 5;Club_65 2;Club_82 4;Club_13 5;Club_59 9;Club_56 6;Club_91 4;Club_6 8;Club_65 4;Club_4 12;Club_33 5;Club_68 8;Club_36 7;Club_60 3;Club_22 5;
Club_49 1;Club_23 1;Club_50 1;Club_58 1;Club_68 2;Club_60 1;Club_49 3;Club_36 2;Club_94 2;Club_63 1;Club_41 3;Club_84 1;Club_81 3;Club_93 3;Club_92 2;Club_99 3;Club_7 4;Club_27 2;Club_74 4;Club_94 5;Club_47 2;Club_21 5;Club_74 5;Club_6 3;Club_95 4;Club_86 3;Club_75 3;Club_71 5;Club_2 2;Club_86 4;Club_75 4;Club_33 4;Club_53 3;Club_86 5;Club_20 2;Club_52 7;Club_12 8;Club_75 5;Club_91 3;Club_73 5;Club_19 4;Club_15 5;Club_16 3;Club_93 7;Club_17 5;Club_73 7;Club_0 2;Club_19 5;Club_28 6;Club_0 3;
Club_22 1;Club_94 1;Club_44 1;Club_68 1;Club_39 3;Club_81 1;Club_37 2;Club_35 1;Club_74 2;Club_25 1;Club_20 1;Club_85 3;Club_90 1;Club_36 4;Club_43 1;Club_74 3;Club_29 1;Club_79 1;Club_42 2;Club_25 4;Club_54 1;Club_4 5;Club_77 1;Club_32 4;Club_83 4;Club_76 2;Club_30 2;Club_85 5;Club_29 2;Club_30 3;Club_56 2;Club_5 3;Club_4 7;Club_38 3;Club_12 7;Club_83 5;Club_39 7;Club_42 3;Club_50 5;Club_93 6;Club_44 4;Club_41 6;Club_73 6;Club_98 4;Club_12 10;Club_89 3;Club_69 3;Club_68 9;Club_82 6;Club_48 6;
Club_52 1;Club_80 1;Club_22 2;Club_32 1;Club_31 1;Club_61 1;Club_37 3;Club_83 1;Club_24 2;Club_98 1;Club_94 3;Club_52 3;Club_83 2;Club_57 2;Club_92 3;Club_72 3;Club_55 1;Club_27 3;Club_64 3;Club_86 2;Club_95 2;Club_76 1;Club_11 3;Club_63 5;Club_89 2;Club_28 2;Club_66 3;Club_6 4;Club_16 1;Club_9 3;Club_55 3;Club_47 3;Club_66 4;Club_74 6;Club_63 7;Club_78 2;Club_77 6;Club_21 7;Club_4 8;Club_53 6;Club_14 1;Club_42 4;Club_38 4;Club_82 5;Club_12 11;Club_17 6;Club_76 5;Club_28 3;Club_63 8;Club_57 5;
Club_73 1;Club_37 1;Club_8 1;Club_80 2;Club_62 1;Club_7 1;Club_81 2;Club_52 2;Club_59 2;Club_71 2;Club_99 2;Club_66 2;Club_64 1;Club_0 1;Club_13 1;Club_42 1;Club_75 2;Club_59 4;Club_83 3;Club_73 3;Club_55 2;Club_80 5;Club_43 2;Club_37 6;Club_58 2;Club_23 3;Club_19 2;Club_59 8;Club_76 3;Club_45 4;Club_99 4;Club_45 5;Club_2 3;Club_52 6;Club_84 5;Club_78 3;Club_24 4;Club_50 4;Club_9 4;Club_56 5;Club_70 3;Club_24 6;Club_18 3;Club_5 5;Club_39 9;Club_64 4;Club_45 7;Club_3 4;Club_56 8;Club_31 5;
Club_48 1;Club_41 2;Club_51 1;Club_95 1;Club_12 1;Club_82 1;Club_4 2;Club_44 2;Club_75 1;Club_59 3;Club_72 2;Club_71 3;Club_34 1;Club_63 3;Club_91 2;Club_48 4;Club_96 2;Club_50 3;Club_37 4;Club_62 3;Club_13 3;Club_63 4;Club_98 2;Club_26 2;Club_4 6;Club_37 7;Club_59 7;Club_21 6;Club_67 5;Club_41 5;Club_77 5;Club_97 2;Club_68 5;Club_97 3;Club_68 6;Club_60 2;Club_11 6;Club_77 7;Club_10 2;Club_6 7;Club_4 10;Club_52 8;Club_49 5;Club_4 11;Club_45 6;Club_22 4;Club_87 4;Club_55 6;Club_7 6;Club_87 5;
;;;;;;;;;;;;;;;;;;;;;;;;;;;;;;;;;;;;;;;;;;;;;;;;;;
;;;;;;;;;;;;;;;;;;;;;;;;;;;;;;;;;;;;;;;;;;;;;;;;;;
;;;;;;;;;;;;;;;;;;;;;;;;;;;;;;;;;;;;;;;;;;;;;;;;;;
;;;;;;;;;;;;;;;;;;;;;;;;;;;;;;;;;;;;;;;;;;;;;;;;;;
