Group_0 [10];Group_1 [10];Group_2 [10];Group_3 [10];Group_4 [10];Group_5 [10];Group_6 [10];Group_7 [10];Group_8 [10];Group_9 [10];Group_10 [10];Group_11 [10];Group_12 [10];Group_13 [10];Group_14 [10];Group_15 [10];Group_16 [10];Group_17 [10];Group_18 [10];Group_19 [10];Group_20 [10];Group_21 [10];Group_22 [10];Group_23 [10];Group_24 [10];Group_25 [10];Group_26 [10];Group_27 [10];Group_28 [10];Group_29 [10];Group_30 [10];Group_31 [10];Group_32 [10];Group_33 [10];Group_34 [10];Group_35 [10];Group_36 [10];Group_37 [10];Group_38 [10];Group_39 [10];Group_40 [10];Group_41 [10];Group_42 [10];Group_43 [10];Group_44 [10];Group_45 [10];Group_46 [10];Group_47 [10];Group_48 [10];Group_49 [10];
Club_476 1;Club_150 1;Club_287 1;Club_88 1;Club_216 1;Club_100 2;Club_97 1;Club_219 1;Club_19 1;Club_216 2;Club_354 1;Club_485 1;Club_269 1;Club_269 2;Club_419 1;Club_69 2;Club_157 2;Club_442 1;Club_153 2;Club_319 1;Club_244 1;Club_139 3;Club_132 2;Club_438 1;Club_23 1;Club_272 1;Club_280 2;Club_260 2;Club_332 2;Club_87 3;Club_350 1;Club_346 1;Club_126 2;Club_31 1;Club_220 2;Club_389 1;Club_476 2;Club_163 1;Club_436 1;Club_290 2;Club_407 2;Club_297 1;Club_39 2;Club_45 2;Club_148 2;Club_97 4;Club_308 3;Club_441 2;Club_193 1;Club_217 1;
Club_451 1;Club_7 1;Club_432 1;Club_69 1;Club_28 1;Club_75 1;Club_394 1;Club_157 1;Club_359 1;Club_43 1;Club_263 2;Club_334 1;Club_76 1;Club_187 1;Club_428 1;Club_36 1;Club_422 1;Club_422 2;Club_386 2;Club_247 2;Club_224 1;Club_458 1;Club_90 1;Club_213 1;Club_372 1;Club_475 2;Club_442 2;Club_446 1;Club_306 1;Club_239 2;Club_146 1;Club_363 2;Club_473 1;Club_158 2;Club_287 4;Club_353 2;Club_45 1;Club_84 1;Club_473 2;Club_250 3;Club_319 2;Club_410 2;Club_265 2;Club_450 2;Club_166 2;Club_263 3;Club_198 1;Club_160 1;Club_232 1;Club_223 1;
Club_92 1;Club_100 1;Club_119 1;Club_208 1;Club_200 1;Club_251 1;Club_471 1;Club_447 1;Club_401 1;Club_153 1;Club_220 1;Club_427 1;Club_105 1;Club_385 1;Club_233 1;Club_170 1;Club_165 1;Club_93 1;Club_349 1;Club_301 1;Club_410 1;Club_294 1;Club_424 2;Club_462 2;Club_258 2;Club_212 1;Club_102 2;Club_418 1;Club_240 1;Club_11 1;Club_303 2;Club_181 2;Club_481 1;Club_427 2;Club_351 1;Club_423 2;Club_158 3;Club_94 4;Club_235 1;Club_29 1;Club_251 2;Club_102 3;Club_300 2;Club_116 2;Club_492 1;Club_425 2;Club_425 3;Club_382 2;Club_37 1;Club_342 1;
Club_210 1;Club_228 1;Club_362 1;Club_151 1;Club_35 1;Club_439 1;Club_277 1;Club_397 2;Club_3 1;Club_229 1;Club_204 1;Club_257 1;Club_181 1;Club_88 2;Club_491 1;Club_280 1;Club_89 1;Club_25 2;Club_75 2;Club_180 1;Club_187 2;Club_71 1;Club_14 1;Club_252 1;Club_123 2;Club_139 4;Club_358 2;Club_113 1;Club_376 3;Club_128 1;Club_352 1;Club_134 1;Club_224 2;Club_228 2;Club_142 2;Club_289 1;Club_460 1;Club_321 2;Club_93 2;Club_233 2;Club_259 1;Club_355 3;Club_474 1;Club_214 1;Club_494 2;Club_285 1;Club_118 2;Club_24 3;Club_210 2;Club_248 1;
Club_443 1;Club_424 1;Club_188 1;Club_85 1;Club_267 1;Club_267 2;Club_316 1;Club_33 1;Club_264 1;Club_440 1;Club_115 1;Club_287 2;Club_85 2;Club_457 1;Club_367 2;Club_277 2;Club_124 1;Club_123 1;Club_44 1;Club_35 2;Club_148 1;Club_456 2;Club_264 3;Club_447 3;Club_0 1;Club_265 1;Club_25 3;Club_82 1;Club_335 1;Club_447 4;Club_36 2;Club_312 1;Club_349 2;Club_34 1;Club_120 2;Club_479 2;Club_267 4;Club_387 1;Club_302 2;Club_159 1;Club_333 2;Club_46 1;Club_370 2;Club_499 1;Club_119 2;Club_110 1;Club_380 1;Club_111 2;Club_184 1;Club_40 2;
Club_25 1;Club_353 1;Club_239 1;Club_355 1;Club_300 1;Club_87 1;Club_62 1;Club_327 1;Club_132 1;Club_56 1;Club_355 2;Club_83 1;Club_226 1;Club_376 2;Club_219 2;Club_276 1;Club_447 2;Club_462 1;Club_273 1;Club_65 2;Club_200 2;Club_188 2;Club_459 1;Club_448 1;Club_494 1;Club_50 2;Club_493 1;Club_287 3;Club_120 1;Club_309 1;Club_250 2;Club_346 2;Club_158 1;Club_168 1;Club_479 1;Club_311 1;Club_371 2;Club_18 1;Club_333 1;Club_482 1;Club_464 2;Club_318 1;Club_487 1;Club_323 1;Club_77 1;Club_24 2;Club_440 2;Club_178 1;Club_95 2;Club_320 1;
Club_330 1;Club_70 1;Club_384 1;Club_488 1;Club_421 1;Club_50 1;Club_234 1;Club_361 1;Club_260 1;Club_432 2;Club_423 1;Club_485 2;Club_247 1;Club_107 1;Club_299 1;Club_194 1;Club_139 2;Club_308 1;Club_488 3;Club_374 1;Club_89 2;Club_125 1;Club_428 2;Club_370 1;Club_40 1;Club_267 3;Club_480 1;Club_303 1;Club_290 1;Club_28 2;Club_498 1;Club_100 3;Club_24 1;Club_302 1;Club_292 2;Club_421 3;Club_432 3;Club_236 1;Club_480 2;Club_481 2;Club_469 2;Club_191 1;Club_411 1;Club_236 2;Club_81 1;Club_192 1;Club_67 1;Club_459 2;Club_161 1;Club_34 3;
Club_246 1;Club_241 1;Club_92 2;Club_205 1;Club_12 1;Club_469 1;Club_344 1;Club_142 1;Club_263 1;Club_363 1;Club_137 1;Club_5 1;Club_87 2;Club_488 2;Club_60 1;Club_332 1;Club_340 1;Club_425 1;Club_106 1;Club_301 2;Club_264 2;Club_384 2;Club_293 1;Club_271 1;Club_138 1;Club_94 2;Club_227 1;Club_190 1;Club_57 1;Club_21 1;Club_111 1;Club_242 1;Club_442 3;Club_321 1;Club_458 2;Club_242 2;Club_274 1;Club_212 2;Club_166 1;Club_430 1;Club_317 2;Club_410 3;Club_390 2;Club_255 1;Club_494 3;Club_85 4;Club_6 1;Club_221 1;Club_215 1;Club_134 2;
Club_453 1;Club_99 1;Club_475 1;Club_96 1;Club_262 1;Club_376 1;Club_407 1;Club_386 1;Club_205 2;Club_139 1;Club_3 2;Club_102 1;Club_66 1;Club_315 1;Club_169 1;Club_298 1;Club_4 1;Club_85 3;Club_292 1;Club_126 1;Club_254 1;Club_97 2;Club_108 1;Club_136 1;Club_358 1;Club_421 2;Club_250 1;Club_189 1;Club_20 1;Club_308 2;Club_406 1;Club_409 1;Club_382 1;Club_56 2;Club_23 2;Club_32 1;Club_89 3;Club_288 1;Club_153 3;Club_327 2;Club_390 1;Club_14 2;Club_34 2;Club_95 1;Club_441 1;Club_171 1;Club_440 3;Club_90 3;Club_161 2;Club_406 2;
Club_397 1;Club_452 1;Club_468 1;Club_258 1;Club_470 1;Club_367 1;Club_65 1;Club_325 1;Club_195 1;Club_371 1;Club_348 1;Club_400 1;Club_94 1;Club_464 1;Club_47 1;Club_53 1;Club_317 1;Club_177 1;Club_225 1;Club_456 1;Club_39 1;Club_225 2;Club_477 1;Club_457 2;Club_151 2;Club_454 1;Club_97 3;Club_490 1;Club_70 2;Club_90 2;Club_491 2;Club_194 2;Club_94 3;Club_118 1;Club_332 3;Club_20 2;Club_87 4;Club_82 2;Club_113 2;Club_450 1;Club_180 2;Club_116 1;Club_11 2;Club_431 1;Club_59 1;Club_472 1;Club_69 3;Club_395 1;Club_473 3;Club_70 3;
;;;;;;;;;;;;;;;;;;;;;;;;;;;;;;;;;;;;;;;;;;;;;;;;;;
;;;;;;;;;;;;;;;;;;;;;;;;;;;;;;;;;;;;;;;;;;;;;;;;;;
;;;;;;;;;;;;;;;;;;;;;;;;;;;;;;;;;;;;;;;;;;;;;;;;;;
;;;;;;;;;;;;;;;;;;;;;;;;;;;;;;;;;;;;;;;;;;;;;;;;;;
