Group_0 [10];Group_1 [10];Group_2 [10];Group_3 [10];Group_4 [10];Group_5 [10];Group_6 [10];Group_7 [10];Group_8 [10];Group_9 [10];Group_10 [10];Group_11 [10];Group_12 [10];Group_13 [10];Group_14 [10];Group_15 [10];Group_16 [10];Group_17 [10];Group_18 [10];Group_19 [10];Group_20 [10];Group_21 [10];Group_22 [10];Group_23 [10];Group_24 [10];Group_25 [10];Group_26 [10];Group_27 [10];Group_28 [10];Group_29 [10];Group_30 [10];Group_31 [10];Group_32 [10];Group_33 [10];Group_34 [10];Group_35 [10];Group_36 [10];Group_37 [10];Group_38 [10];Group_39 [10];Group_40 [10];Group_41 [10];Group_42 [10];Group_43 [10];Group_44 [10];Group_45 [10];Group_46 [10];Group_47 [10];Group_48 [10];Group_49 [10];
Club_188 1;Club_82 1;Club_92 1;Club_24 1;Club_71 1;Club_50 1;Club_143 1;Club_36 2;Club_152 1;Club_192 1;Club_176 1;Club_9 1;Club_0 2;Club_150 1;Club_51 1;Club_48 2;Club_75 1;Club_64 4;Club_173 2;Club_126 2;Club_51 2;Club_167 3;Club_79 3;Club_9 2;Club_196 1;Club_168 2;Club_18 2;Club_24 2;Club_166 2;Club_128 3;Club_165 2;Club_112 2;Club_63 2;Club_41 1;Club_113 2;Club_2 2;Club_42 3;Club_94 4;Club_138 1;Club_81 2;Club_101 5;Club_61 5;Club_176 5;Club_198 5;Club_169 1;Club_182 3;Club_34 3;Club_153 6;Club_95 5;Club_134 2;
Club_103 1;Club_59 1;Club_114 1;Club_178 1;Club_97 1;Club_77 1;Club_167 2;Club_128 2;Club_11 1;Club_38 1;Club_94 1;Club_185 1;Club_189 2;Club_30 2;Club_187 3;Club_109 1;Club_151 2;Club_69 1;Club_181 2;Club_142 1;Club_177 2;Club_129 3;Club_23 2;Club_118 3;Club_190 2;Club_45 1;Club_136 1;Club_152 2;Club_157 2;Club_70 2;Club_38 2;Club_167 6;Club_70 3;Club_181 4;Club_99 2;Club_197 2;Club_27 1;Club_198 4;Club_155 3;Club_188 2;Club_89 3;Club_139 5;Club_168 3;Club_55 1;Club_59 5;Club_117 3;Club_136 3;Club_66 3;Club_69 3;Club_128 6;
Club_148 1;Club_131 1;Club_30 1;Club_129 1;Club_82 2;Club_18 1;Club_187 1;Club_28 1;Club_61 2;Club_19 2;Club_94 2;Club_158 1;Club_101 2;Club_70 1;Club_170 2;Club_92 2;Club_163 1;Club_111 1;Club_89 2;Club_144 1;Club_120 2;Club_85 2;Club_176 2;Club_48 3;Club_14 1;Club_187 4;Club_137 2;Club_127 2;Club_178 3;Club_39 1;Club_132 2;Club_76 3;Club_94 3;Club_178 4;Club_66 2;Club_111 2;Club_128 4;Club_183 3;Club_172 2;Club_105 3;Club_156 4;Club_2 3;Club_28 4;Club_145 1;Club_181 5;Club_44 5;Club_90 3;Club_122 1;Club_1 2;Club_20 2;
Club_120 1;Club_107 1;Club_89 1;Club_17 1;Club_3 1;Club_64 3;Club_20 1;Club_91 1;Club_79 2;Club_143 3;Club_129 2;Club_61 3;Club_124 1;Club_125 1;Club_85 1;Club_110 1;Club_184 2;Club_157 1;Club_35 1;Club_130 1;Club_153 3;Club_158 3;Club_106 2;Club_175 1;Club_8 1;Club_198 2;Club_127 1;Club_137 3;Club_31 1;Club_127 4;Club_42 2;Club_142 3;Club_12 2;Club_186 1;Club_135 2;Club_120 3;Club_171 2;Club_65 1;Club_118 5;Club_129 5;Club_85 3;Club_100 2;Club_96 1;Club_116 1;Club_135 3;Club_194 3;Club_16 3;Club_128 5;Club_2 4;Club_30 3;
Club_60 1;Club_12 1;Club_26 1;Club_173 1;Club_162 1;Club_156 1;Club_87 1;Club_66 1;Club_106 1;Club_182 1;Club_170 1;Club_108 1;Club_181 1;Club_189 3;Club_124 2;Club_183 1;Club_90 1;Club_154 1;Club_124 3;Club_130 2;Club_86 1;Club_36 4;Club_106 3;Club_79 4;Club_17 2;Club_129 4;Club_160 1;Club_32 1;Club_81 1;Club_181 3;Club_54 1;Club_110 2;Club_124 4;Club_91 2;Club_59 4;Club_180 1;Club_155 2;Club_199 1;Club_156 2;Club_31 2;Club_131 2;Club_6 3;Club_12 3;Club_16 2;Club_38 3;Club_108 2;Club_180 2;Club_148 3;Club_146 2;Club_105 4;
Club_155 1;Club_6 1;Club_22 1;Club_19 1;Club_198 1;Club_47 1;Club_151 1;Club_119 1;Club_47 2;Club_174 1;Club_168 1;Club_107 2;Club_44 1;Club_0 3;Club_184 1;Club_36 3;Club_25 1;Club_119 2;Club_190 1;Club_71 2;Club_43 2;Club_57 2;Club_142 2;Club_107 4;Club_95 1;Club_104 1;Club_176 3;Club_165 1;Club_127 3;Club_61 4;Club_137 4;Club_193 1;Club_5 1;Club_161 2;Club_51 4;Club_26 3;Club_44 4;Club_101 4;Club_118 6;Club_53 1;Club_199 2;Club_136 2;Club_152 3;Club_147 2;Club_121 1;Club_85 4;Club_16 4;Club_170 4;Club_109 3;Club_19 3;
Club_166 1;Club_79 1;Club_68 1;Club_101 1;Club_64 2;Club_105 1;Club_128 1;Club_159 1;Club_195 2;Club_80 1;Club_118 2;Club_68 3;Club_103 2;Club_126 1;Club_153 1;Club_171 1;Club_103 3;Club_37 1;Club_172 1;Club_153 2;Club_47 3;Club_163 2;Club_189 5;Club_148 2;Club_109 2;Club_135 1;Club_69 2;Club_183 2;Club_147 1;Club_139 3;Club_125 2;Club_98 1;Club_196 2;Club_146 1;Club_178 5;Club_3 3;Club_178 6;Club_193 2;Club_176 4;Club_175 4;Club_157 3;Club_194 2;Club_53 2;Club_171 3;Club_195 4;Club_179 1;Club_95 4;Club_66 4;Club_23 3;Club_50 3;
Club_76 1;Club_34 1;Club_133 1;Club_197 1;Club_167 1;Club_68 2;Club_118 1;Club_78 2;Club_43 1;Club_23 1;Club_59 2;Club_117 1;Club_15 2;Club_158 2;Club_56 1;Club_3 2;Club_1 1;Club_107 3;Club_195 3;Club_151 3;Club_51 3;Club_52 1;Club_119 3;Club_44 2;Club_178 2;Club_167 4;Club_83 3;Club_24 3;Club_153 4;Club_63 1;Club_167 5;Club_139 4;Club_28 2;Club_99 1;Club_118 4;Club_32 2;Club_28 3;Club_57 3;Club_156 3;Club_68 4;Club_70 4;Club_110 3;Club_35 2;Club_84 1;Club_6 4;Club_121 2;Club_183 4;Club_11 2;Club_111 3;Club_65 4;
Club_36 1;Club_76 2;Club_64 1;Club_42 1;Club_78 1;Club_61 1;Club_15 1;Club_143 2;Club_48 1;Club_60 3;Club_88 1;Club_100 1;Club_141 1;Club_132 1;Club_2 1;Club_177 1;Club_170 3;Club_174 2;Club_59 3;Club_16 1;Club_83 2;Club_105 2;Club_80 2;Club_46 1;Club_126 3;Club_75 2;Club_95 2;Club_93 2;Club_0 4;Club_161 1;Club_198 3;Club_175 2;Club_44 3;Club_95 3;Club_73 1;Club_98 2;Club_175 3;Club_65 2;Club_73 2;Club_65 3;Club_127 5;Club_153 5;Club_8 3;Club_45 2;Club_135 4;Club_82 3;Club_8 4;Club_144 2;Club_73 3;Club_36 5;
Club_112 1;Club_195 1;Club_189 1;Club_0 1;Club_93 1;Club_34 2;Club_50 2;Club_60 2;Club_102 1;Club_97 2;Club_83 1;Club_187 2;Club_117 2;Club_189 4;Club_134 1;Club_74 1;Club_139 1;Club_97 3;Club_57 1;Club_139 2;Club_133 2;Club_194 1;Club_137 1;Club_7 1;Club_8 2;Club_88 2;Club_17 3;Club_26 2;Club_15 3;Club_93 3;Club_101 3;Club_56 2;Club_151 4;Club_113 1;Club_173 3;Club_102 2;Club_159 2;Club_143 4;Club_6 2;Club_90 2;Club_182 2;Club_173 4;Club_149 1;Club_64 5;Club_177 3;Club_192 2;Club_28 5;Club_14 2;Club_186 2;Club_65 5;
;;;;;;;;;;;;;;;;;;;;;;;;;;;;;;;;;;;;;;;;;;;;;;;;;;
;;;;;;;;;;;;;;;;;;;;;;;;;;;;;;;;;;;;;;;;;;;;;;;;;;
;;;;;;;;;;;;;;;;;;;;;;;;;;;;;;;;;;;;;;;;;;;;;;;;;;
;;;;;;;;;;;;;;;;;;;;;;;;;;;;;;;;;;;;;;;;;;;;;;;;;;
