Group_0 [6];Group_1 [6];Group_2 [6];Group_3 [6];Group_4 [6];Group_5 [6];Group_6 [6];Group_7 [6];Group_8 [6];Group_9 [6];Group_10 [6];Group_11 [6];Group_12 [6];Group_13 [6];Group_14 [6];Group_15 [6];Group_16 [6];Group_17 [6];Group_18 [6];Group_19 [6];Group_20 [6];Group_21 [6];Group_22 [6];Group_23 [6];Group_24 [6];Group_25 [6];Group_26 [6];Group_27 [6];Group_28 [6];Group_29 [6];Group_30 [6];Group_31 [6];Group_32 [6];Group_33 [6];Group_34 [6];Group_35 [6];Group_36 [6];Group_37 [6];Group_38 [6];Group_39 [6];Group_40 [6];Group_41 [6];Group_42 [6];Group_43 [6];Group_44 [6];Group_45 [6];Group_46 [6];Group_47 [6];Group_48 [6];Group_49 [6];
Club_34 1;Club_30 1;Club_18 1;Club_48 1;Club_36 3;Club_5 1;Club_17 3;Club_26 1;Club_46 2;Club_8 3;Club_33 2;Club_0 1;Club_36 4;Club_35 3;Club_44 1;Club_46 3;Club_46 4;Club_48 3;Club_22 5;Club_24 5;Club_12 2;Club_40 3;Club_14 3;Club_6 2;Club_34 6;Club_11 4;Club_40 5;Club_1 8;Club_6 3;Club_22 6;Club_49 2;Club_27 2;Club_1 9;Club_12 4;Club_15 6;Club_2 6;Club_16 4;Club_13 8;Club_44 4;Club_31 10;Club_8 12;Club_17 8;Club_4 4;Club_45 4;Club_45 5;Club_21 3;Club_3 4;Club_12 5;Club_24 9;Club_33 9;
Club_16 1;Club_20 1;Club_35 1;Club_1 2;Club_17 2;Club_1 3;Club_22 1;Club_13 1;Club_31 2;Club_28 1;Club_26 2;Club_9 1;Club_11 2;Club_23 3;Club_34 4;Club_43 2;Club_11 3;Club_8 8;Club_23 4;Club_23 5;Club_48 4;Club_24 6;Club_38 1;Club_47 6;Club_5 3;Club_48 5;Club_14 4;Club_32 3;Club_3 2;Club_41 3;Club_31 7;Club_43 5;Club_13 6;Club_32 5;Club_26 4;Club_31 9;Club_8 10;Club_1 11;Club_49 3;Club_27 4;Club_38 2;Club_36 8;Club_25 5;Club_46 11;Club_19 5;Club_43 7;Club_30 8;Club_6 5;Club_26 6;Club_14 7;
Club_46 1;Club_1 1;Club_17 1;Club_34 2;Club_2 1;Club_23 1;Club_30 2;Club_47 2;Club_11 1;Club_47 3;Club_35 2;Club_34 3;Club_33 3;Club_19 1;Club_33 5;Club_8 7;Club_42 2;Club_5 2;Club_24 4;Club_21 1;Club_41 2;Club_36 5;Club_2 3;Club_13 3;Club_15 1;Club_44 3;Club_11 5;Club_9 2;Club_28 2;Club_39 2;Club_43 4;Club_26 3;Club_17 7;Club_10 2;Club_13 7;Club_10 3;Club_16 5;Club_4 3;Club_13 9;Club_11 6;Club_13 12;Club_46 9;Club_39 3;Club_4 5;Club_46 12;Club_16 6;Club_42 4;Club_10 5;Club_15 8;Club_36 11;
Club_8 1;Club_8 2;Club_45 1;Club_33 1;Club_47 1;Club_12 1;Club_48 2;Club_6 1;Club_13 2;Club_22 2;Club_1 4;Club_1 5;Club_1 6;Club_33 4;Club_47 5;Club_17 5;Club_31 4;Club_30 5;Club_37 1;Club_10 1;Club_12 3;Club_23 6;Club_30 6;Club_2 4;Club_49 1;Club_15 2;Club_46 6;Club_5 4;Club_40 7;Club_0 4;Club_46 7;Club_32 4;Club_1 10;Club_24 7;Club_25 3;Club_46 8;Club_36 7;Club_8 11;Club_7 2;Club_49 4;Club_43 6;Club_2 7;Club_36 9;Club_3 3;Club_36 10;Club_25 6;Club_1 12;Club_26 5;Club_33 8;Club_49 7;
Club_36 1;Club_32 1;Club_42 1;Club_36 2;Club_24 2;Club_43 1;Club_30 3;Club_7 1;Club_23 2;Club_31 3;Club_8 4;Club_0 2;Club_47 4;Club_22 3;Club_8 6;Club_0 3;Club_39 1;Club_33 6;Club_43 3;Club_32 2;Club_16 3;Club_8 9;Club_4 2;Club_13 4;Club_31 5;Club_46 5;Club_31 6;Club_15 3;Club_36 6;Club_27 1;Club_17 6;Club_30 7;Club_0 5;Club_5 5;Club_25 4;Club_14 6;Club_23 7;Club_48 6;Club_27 3;Club_13 11;Club_49 5;Club_6 4;Club_19 4;Club_29 2;Club_20 2;Club_15 7;Club_41 4;Club_30 9;Club_8 13;Club_4 6;
Club_31 1;Club_40 1;Club_14 1;Club_24 1;Club_24 3;Club_40 2;Club_3 1;Club_30 4;Club_17 4;Club_4 1;Club_41 1;Club_2 2;Club_8 5;Club_22 4;Club_14 2;Club_25 1;Club_25 2;Club_34 5;Club_16 2;Club_19 2;Club_33 7;Club_1 7;Club_45 2;Club_44 2;Club_2 5;Club_40 4;Club_40 6;Club_13 5;Club_19 3;Club_42 3;Club_14 5;Club_15 4;Club_31 8;Club_15 5;Club_45 3;Club_21 2;Club_29 1;Club_28 3;Club_13 10;Club_5 6;Club_38 3;Club_46 10;Club_32 6;Club_10 4;Club_7 3;Club_24 8;Club_44 5;Club_49 6;Club_13 13;Club_38 4;
;;;;;;;;;;;;;;;;;;;;;;;;;;;;;;;;;;;;;;;;;;;;;;;;;;
;;;;;;;;;;;;;;;;;;;;;;;;;;;;;;;;;;;;;;;;;;;;;;;;;;
;;;;;;;;;;;;;;;;;;;;;;;;;;;;;;;;;;;;;;;;;;;;;;;;;;
;;;;;;;;;;;;;;;;;;;;;;;;;;;;;;;;;;;;;;;;;;;;;;;;;;
;;;;;;;;;;;;;;;;;;;;;;;;;;;;;;;;;;;;;;;;;;;;;;;;;;
;;;;;;;;;;;;;;;;;;;;;;;;;;;;;;;;;;;;;;;;;;;;;;;;;;
;;;;;;;;;;;;;;;;;;;;;;;;;;;;;;;;;;;;;;;;;;;;;;;;;;
;;;;;;;;;;;;;;;;;;;;;;;;;;;;;;;;;;;;;;;;;;;;;;;;;;
