Group_0 [10];Group_1 [10];Group_2 [10];Group_3 [10];Group_4 [10];Group_5 [10];Group_6 [10];Group_7 [10];Group_8 [10];Group_9 [10];Group_10 [10];Group_11 [10];Group_12 [10];Group_13 [10];Group_14 [10];Group_15 [10];Group_16 [10];Group_17 [10];Group_18 [10];Group_19 [10];Group_20 [10];Group_21 [10];Group_22 [10];Group_23 [10];Group_24 [10];Group_25 [10];Group_26 [10];Group_27 [10];Group_28 [10];Group_29 [10];Group_30 [10];Group_31 [10];Group_32 [10];Group_33 [10];Group_34 [10];Group_35 [10];Group_36 [10];Group_37 [10];Group_38 [10];Group_39 [10];Group_40 [10];Group_41 [10];Group_42 [10];Group_43 [10];Group_44 [10];Group_45 [10];Group_46 [10];Group_47 [10];Group_48 [10];Group_49 [10];
Club_309 1;Club_333 1;Club_458 1;Club_122 2;Club_39 2;Club_234 1;Club_471 1;Club_377 1;Club_272 1;Club_483 1;Club_209 1;Club_142 2;Club_143 1;Club_143 2;Club_109 2;Club_455 1;Club_407 2;Club_149 1;Club_78 1;Club_175 3;Club_404 2;Club_29 1;Club_100 1;Club_449 1;Club_412 1;Club_339 2;Club_97 1;Club_280 1;Club_134 1;Club_384 1;Club_21 1;Club_82 2;Club_134 2;Club_460 4;Club_64 1;Club_315 1;Club_413 1;Club_138 1;Club_321 1;Club_286 1;Club_378 2;Club_379 1;Club_460 7;Club_450 1;Club_349 3;Club_199 1;Club_156 1;Club_272 2;Club_379 2;Club_438 2;
Club_95 1;Club_271 1;Club_460 1;Club_367 1;Club_338 1;Club_359 1;Club_391 1;Club_146 1;Club_98 1;Club_320 2;Club_435 1;Club_33 2;Club_378 1;Club_342 1;Club_86 1;Club_89 2;Club_144 2;Club_287 1;Club_398 2;Club_202 1;Club_179 2;Club_170 1;Club_37 1;Club_349 1;Club_182 1;Club_102 1;Club_268 1;Club_463 2;Club_334 3;Club_58 2;Club_249 1;Club_154 1;Club_35 2;Club_89 3;Club_224 2;Club_84 1;Club_453 2;Club_408 1;Club_257 4;Club_203 1;Club_182 2;Club_364 3;Club_65 1;Club_5 3;Club_50 2;Club_459 1;Club_293 2;Club_363 2;Club_335 2;Club_9 1;
Club_320 1;Club_410 1;Club_194 1;Club_39 1;Club_158 1;Club_44 1;Club_165 1;Club_168 1;Club_139 1;Club_251 1;Club_265 1;Club_179 1;Club_142 3;Club_56 2;Club_260 1;Club_341 3;Club_388 1;Club_87 2;Club_428 1;Club_474 1;Club_208 1;Club_428 2;Club_357 1;Club_16 1;Club_295 1;Club_328 1;Club_268 2;Club_71 2;Club_233 1;Club_227 3;Club_332 1;Club_276 1;Club_195 1;Club_61 1;Club_236 1;Club_473 1;Club_285 2;Club_487 2;Club_12 2;Club_109 3;Club_265 3;Club_387 1;Club_446 2;Club_148 2;Club_426 1;Club_193 1;Club_125 1;Club_87 3;Club_54 2;Club_63 1;
Club_122 1;Club_325 1;Club_317 1;Club_219 1;Club_290 1;Club_153 1;Club_1 1;Club_460 2;Club_329 1;Club_478 1;Club_350 1;Club_32 1;Club_205 1;Club_57 1;Club_220 1;Club_60 1;Club_31 1;Club_293 1;Club_175 2;Club_446 1;Club_377 2;Club_66 1;Club_136 3;Club_36 1;Club_25 1;Club_328 2;Club_460 3;Club_312 1;Club_185 2;Club_82 1;Club_103 1;Club_257 3;Club_216 1;Club_167 1;Club_376 2;Club_485 1;Club_289 2;Club_158 3;Club_460 5;Club_34 1;Club_316 2;Club_309 2;Club_329 2;Club_475 1;Club_405 1;Club_487 3;Club_67 1;Club_243 2;Club_274 2;Club_443 1;
Club_393 1;Club_35 1;Club_257 2;Club_451 1;Club_14 1;Club_151 1;Club_341 2;Club_185 1;Club_56 1;Club_402 1;Club_118 2;Club_45 1;Club_444 1;Club_79 1;Club_433 1;Club_58 1;Club_77 1;Club_158 2;Club_376 1;Club_477 1;Club_440 1;Club_483 2;Club_334 2;Club_98 2;Club_59 1;Club_189 1;Club_239 1;Club_324 2;Club_462 1;Club_206 1;Club_90 1;Club_476 2;Club_88 1;Club_325 2;Club_326 1;Club_346 2;Club_142 4;Club_402 2;Club_25 3;Club_117 1;Club_460 6;Club_149 3;Club_367 2;Club_276 2;Club_456 1;Club_318 1;Club_292 2;Club_98 3;Club_243 3;Club_449 2;
Club_466 1;Club_401 1;Club_370 1;Club_109 1;Club_255 1;Club_314 1;Club_243 1;Club_176 1;Club_155 2;Club_285 1;Club_92 1;Club_71 1;Club_110 1;Club_128 1;Club_354 1;Club_198 1;Club_346 1;Club_404 1;Club_335 1;Club_320 3;Club_227 1;Club_420 1;Club_463 1;Club_270 1;Club_22 1;Club_25 2;Club_242 1;Club_368 2;Club_453 1;Club_170 2;Club_362 2;Club_31 2;Club_111 2;Club_313 1;Club_12 1;Club_465 1;Club_409 1;Club_225 1;Club_97 2;Club_59 2;Club_410 3;Club_366 2;Club_18 1;Club_419 1;Club_244 1;Club_124 1;Club_134 3;Club_155 3;Club_249 3;Club_99 2;
Club_74 1;Club_487 1;Club_137 1;Club_324 1;Club_107 1;Club_397 1;Club_430 1;Club_142 1;Club_42 1;Club_398 1;Club_383 1;Club_148 1;Club_410 2;Club_136 1;Club_224 1;Club_476 1;Club_27 1;Club_4 1;Club_160 1;Club_214 1;Club_131 2;Club_353 1;Club_173 1;Club_269 1;Club_151 3;Club_284 1;Club_436 1;Club_86 2;Club_282 1;Club_78 2;Club_169 2;Club_418 1;Club_261 2;Club_228 1;Club_228 2;Club_429 1;Club_323 1;Club_229 2;Club_14 2;Club_304 1;Club_349 2;Club_202 2;Club_486 4;Club_334 4;Club_47 1;Club_497 1;Club_445 1;Club_429 2;Club_182 3;Club_486 5;
Club_341 1;Club_257 1;Club_423 1;Club_155 1;Club_70 2;Club_288 1;Club_191 1;Club_191 2;Club_389 1;Club_53 1;Club_296 1;Club_147 1;Club_344 1;Club_334 1;Club_229 1;Club_5 2;Club_219 2;Club_93 1;Club_230 1;Club_417 1;Club_364 2;Club_13 1;Club_209 2;Club_54 1;Club_357 2;Club_200 1;Club_139 2;Club_76 1;Club_168 2;Club_50 1;Club_274 1;Club_418 2;Club_368 3;Club_119 1;Club_343 2;Club_444 2;Club_187 2;Club_486 3;Club_279 1;Club_369 1;Club_114 1;Club_56 3;Club_108 1;Club_305 1;Club_227 4;Club_270 2;Club_399 1;Club_488 1;Club_349 4;Club_103 2;
Club_87 1;Club_157 1;Club_118 1;Club_368 1;Club_317 2;Club_241 1;Club_164 1;Club_438 1;Club_261 1;Club_89 1;Club_144 1;Club_5 1;Club_175 1;Club_131 1;Club_205 2;Club_95 2;Club_169 1;Club_75 1;Club_407 3;Club_307 1;Club_287 2;Club_165 3;Club_152 1;Club_45 2;Club_36 2;Club_240 1;Club_392 1;Club_316 1;Club_343 1;Club_420 2;Club_278 1;Club_197 1;Club_149 2;Club_57 2;Club_153 2;Club_78 3;Club_161 1;Club_235 1;Club_15 1;Club_220 3;Club_99 1;Club_197 2;Club_206 2;Club_106 1;Club_69 1;Club_39 3;Club_47 2;Club_70 3;Club_180 1;Club_143 3;
Club_70 1;Club_364 1;Club_486 1;Club_499 1;Club_250 1;Club_33 1;Club_151 2;Club_363 1;Club_339 1;Club_289 1;Club_265 2;Club_391 2;Club_366 1;Club_407 1;Club_165 2;Club_187 1;Club_215 1;Club_111 1;Club_496 1;Club_486 2;Club_266 1;Club_136 2;Club_397 2;Club_362 1;Club_147 2;Club_331 1;Club_377 3;Club_227 2;Club_292 1;Club_220 2;Club_415 1;Club_377 4;Club_436 2;Club_269 2;Club_129 1;Club_198 2;Club_432 1;Club_365 1;Club_397 3;Club_30 1;Club_481 1;Club_494 1;Club_249 2;Club_397 4;Club_275 1;Club_404 3;Club_77 2;Club_2 1;Club_366 3;Club_143 4;
;;;;;;;;;;;;;;;;;;;;;;;;;;;;;;;;;;;;;;;;;;;;;;;;;;
;;;;;;;;;;;;;;;;;;;;;;;;;;;;;;;;;;;;;;;;;;;;;;;;;;
;;;;;;;;;;;;;;;;;;;;;;;;;;;;;;;;;;;;;;;;;;;;;;;;;;
;;;;;;;;;;;;;;;;;;;;;;;;;;;;;;;;;;;;;;;;;;;;;;;;;;
