Group_0 [10];Group_1 [10];Group_2 [10];Group_3 [10];Group_4 [10];Group_5 [10];Group_6 [10];Group_7 [10];Group_8 [10];Group_9 [10];Group_10 [10];Group_11 [10];Group_12 [10];Group_13 [10];Group_14 [10];Group_15 [10];Group_16 [10];Group_17 [10];Group_18 [10];Group_19 [10];Group_20 [10];Group_21 [10];Group_22 [10];Group_23 [10];Group_24 [10];Group_25 [10];Group_26 [10];Group_27 [10];Group_28 [10];Group_29 [10];Group_30 [10];Group_31 [10];Group_32 [10];Group_33 [10];Group_34 [10];Group_35 [10];Group_36 [10];Group_37 [10];Group_38 [10];Group_39 [10];Group_40 [10];Group_41 [10];Group_42 [10];Group_43 [10];Group_44 [10];Group_45 [10];Group_46 [10];Group_47 [10];Group_48 [10];Group_49 [10];
Club_18 1;Club_33 1;Club_139 1;Club_51 2;Club_151 1;Club_382 1;Club_356 1;Club_367 1;Club_158 1;Club_403 1;Club_129 1;Club_96 1;Club_4 1;Club_100 1;Club_201 1;Club_263 1;Club_105 2;Club_19 2;Club_172 1;Club_381 1;Club_413 1;Club_187 1;Club_161 1;Club_10 1;Club_448 1;Club_251 1;Club_229 1;Club_314 3;Club_316 2;Club_434 2;Club_185 1;Club_244 3;Club_93 4;Club_91 1;Club_354 1;Club_28 1;Club_0 1;Club_363 1;Club_290 1;Club_52 3;Club_143 1;Club_445 1;Club_130 1;Club_467 2;Club_45 1;Club_15 1;Club_83 2;Club_106 2;Club_303 4;Club_329 3;
Club_418 1;Club_112 1;Club_330 1;Club_52 1;Club_58 1;Club_372 1;Club_70 1;Club_396 1;Club_14 1;Club_473 1;Club_371 1;Club_97 2;Club_250 1;Club_12 1;Club_376 1;Club_431 1;Club_312 1;Club_252 1;Club_390 1;Club_469 1;Club_243 2;Club_453 1;Club_98 1;Club_16 2;Club_380 1;Club_478 2;Club_351 2;Club_5 2;Club_291 1;Club_76 1;Club_395 1;Club_282 3;Club_256 2;Club_364 2;Club_423 1;Club_2 1;Club_174 1;Club_406 1;Club_465 2;Club_492 2;Club_329 2;Club_426 2;Club_392 1;Club_384 1;Club_111 2;Club_170 3;Club_163 1;Club_209 2;Club_125 1;Club_499 3;
Club_478 1;Club_72 1;Club_414 1;Club_338 1;Club_197 1;Club_361 1;Club_441 1;Club_489 1;Club_179 1;Club_339 1;Club_465 1;Club_86 1;Club_19 1;Club_426 1;Club_157 2;Club_205 1;Club_120 2;Club_61 1;Club_495 1;Club_294 2;Club_92 2;Club_217 1;Club_208 2;Club_467 1;Club_436 2;Club_347 1;Club_256 1;Club_124 1;Club_280 1;Club_170 2;Club_234 1;Club_410 1;Club_403 2;Club_395 2;Club_190 2;Club_412 3;Club_252 2;Club_449 1;Club_404 1;Club_446 2;Club_440 2;Club_401 2;Club_482 1;Club_459 1;Club_43 1;Club_491 1;Club_229 2;Club_353 2;Club_302 1;Club_400 1;
Club_288 1;Club_490 1;Club_189 1;Club_409 1;Club_88 1;Club_18 2;Club_434 1;Club_152 1;Club_235 1;Club_67 1;Club_374 1;Club_360 1;Club_294 1;Club_137 2;Club_29 1;Club_387 1;Club_472 1;Club_237 1;Club_22 1;Club_477 1;Club_54 1;Club_430 1;Club_4 2;Club_440 1;Club_250 2;Club_83 1;Club_285 1;Club_199 1;Club_282 2;Club_430 2;Club_97 3;Club_357 1;Club_65 1;Club_33 2;Club_222 1;Club_379 2;Club_334 1;Club_287 1;Club_306 1;Club_179 3;Club_387 2;Club_364 3;Club_4 4;Club_166 3;Club_233 1;Club_446 3;Club_432 1;Club_415 2;Club_498 2;Club_137 3;
Club_93 1;Club_221 1;Club_232 1;Club_349 1;Club_150 1;Club_196 1;Club_244 2;Club_18 3;Club_480 1;Club_37 1;Club_442 1;Club_489 2;Club_303 2;Club_351 1;Club_147 1;Club_379 1;Club_166 2;Club_64 2;Club_92 1;Club_492 1;Club_266 1;Club_102 2;Club_265 1;Club_170 1;Club_401 1;Club_63 1;Club_349 2;Club_200 1;Club_308 1;Club_106 1;Club_158 2;Club_184 2;Club_168 2;Club_472 2;Club_101 1;Club_115 2;Club_151 2;Club_126 1;Club_396 3;Club_116 1;Club_461 2;Club_247 1;Club_3 1;Club_209 1;Club_314 4;Club_380 2;Club_211 1;Club_174 2;Club_205 2;Club_307 3;
Club_51 1;Club_499 1;Club_436 1;Club_64 1;Club_412 1;Club_284 1;Club_343 1;Club_115 1;Club_303 1;Club_122 1;Club_56 1;Club_14 2;Club_446 1;Club_5 1;Club_208 1;Club_264 2;Club_358 1;Club_88 2;Club_16 1;Club_150 2;Club_61 2;Club_175 3;Club_289 1;Club_368 2;Club_179 2;Club_121 1;Club_152 2;Club_347 2;Club_435 1;Club_187 2;Club_149 1;Club_462 1;Club_429 1;Club_66 1;Club_144 1;Club_111 1;Club_263 2;Club_216 1;Club_243 3;Club_303 3;Club_103 1;Club_294 3;Club_355 2;Club_16 3;Club_213 1;Club_0 2;Club_28 3;Club_399 1;Club_217 2;Club_82 1;
Club_295 1;Club_300 1;Club_188 1;Club_136 1;Club_166 1;Club_160 1;Club_109 1;Club_8 1;Club_320 1;Club_369 1;Club_108 1;Club_52 2;Club_175 2;Club_299 1;Club_343 2;Club_368 1;Club_281 1;Club_377 1;Club_271 1;Club_412 2;Club_50 2;Club_230 2;Club_49 1;Club_214 1;Club_329 1;Club_241 1;Club_360 2;Club_487 1;Club_118 1;Club_402 1;Club_396 2;Club_162 1;Club_194 1;Club_336 1;Club_450 1;Club_173 1;Club_342 1;Club_37 2;Club_356 2;Club_243 4;Club_419 1;Club_122 2;Club_402 2;Club_257 1;Club_84 1;Club_373 2;Club_454 2;Club_307 2;Club_142 1;Club_8 2;
Club_35 1;Club_314 1;Club_359 1;Club_461 1;Club_32 1;Club_55 1;Club_137 1;Club_264 1;Club_388 1;Club_460 1;Club_105 1;Club_38 1;Club_283 1;Club_228 1;Club_120 1;Club_310 1;Club_275 1;Club_78 1;Club_112 3;Club_197 3;Club_316 1;Club_381 2;Club_292 1;Club_105 3;Club_67 2;Club_64 4;Club_314 2;Club_190 1;Club_6 1;Club_168 1;Club_364 1;Club_301 1;Club_74 2;Club_367 3;Club_207 1;Club_158 3;Club_442 2;Club_375 1;Club_4 3;Club_293 1;Club_28 2;Club_418 3;Club_239 1;Club_383 1;Club_121 2;Club_286 2;Club_331 1;Club_245 1;Club_401 3;Club_407 1;
Club_244 1;Club_240 1;Club_286 1;Club_317 1;Club_279 1;Club_444 1;Club_311 1;Club_159 1;Club_175 1;Club_27 1;Club_243 1;Club_157 1;Club_112 2;Club_93 2;Club_197 2;Club_228 2;Club_127 1;Club_74 1;Club_269 1;Club_282 1;Club_64 3;Club_114 1;Club_409 2;Club_348 1;Club_167 1;Club_102 3;Club_133 1;Club_184 1;Club_88 3;Club_304 1;Club_90 1;Club_88 4;Club_110 1;Club_328 1;Club_276 1;Club_215 1;Club_210 1;Club_494 1;Club_344 1;Club_234 2;Club_319 1;Club_307 1;Club_188 2;Club_360 3;Club_236 1;Club_283 2;Club_371 2;Club_389 1;Club_224 1;Club_325 1;
Club_102 1;Club_72 2;Club_181 1;Club_50 1;Club_97 1;Club_134 1;Club_333 1;Club_47 1;Club_277 1;Club_296 1;Club_55 2;Club_353 1;Club_433 1;Club_362 1;Club_89 1;Club_93 3;Club_415 1;Club_145 1;Club_367 2;Club_100 2;Club_230 1;Club_355 1;Club_69 1;Club_418 2;Club_337 1;Club_437 1;Club_332 1;Club_96 2;Club_248 1;Club_264 3;Club_454 1;Club_351 3;Club_118 2;Club_498 1;Club_499 2;Club_53 1;Club_480 2;Club_375 2;Club_75 1;Club_201 2;Club_442 3;Club_434 3;Club_241 2;Club_373 1;Club_387 3;Club_481 1;Club_380 3;Club_191 1;Club_298 1;Club_266 2;
;;;;;;;;;;;;;;;;;;;;;;;;;;;;;;;;;;;;;;;;;;;;;;;;;;
;;;;;;;;;;;;;;;;;;;;;;;;;;;;;;;;;;;;;;;;;;;;;;;;;;
;;;;;;;;;;;;;;;;;;;;;;;;;;;;;;;;;;;;;;;;;;;;;;;;;;
;;;;;;;;;;;;;;;;;;;;;;;;;;;;;;;;;;;;;;;;;;;;;;;;;;
