Group_0 [10];Group_1 [10];Group_2 [10];Group_3 [10];Group_4 [10];Group_5 [10];Group_6 [10];Group_7 [10];Group_8 [10];Group_9 [10];Group_10 [10];Group_11 [10];Group_12 [10];Group_13 [10];Group_14 [10];Group_15 [10];Group_16 [10];Group_17 [10];Group_18 [10];Group_19 [10];Group_20 [10];Group_21 [10];Group_22 [10];Group_23 [10];Group_24 [10];Group_25 [10];Group_26 [10];Group_27 [10];Group_28 [10];Group_29 [10];Group_30 [10];Group_31 [10];Group_32 [10];Group_33 [10];Group_34 [10];Group_35 [10];Group_36 [10];Group_37 [10];Group_38 [10];Group_39 [10];Group_40 [10];Group_41 [10];Group_42 [10];Group_43 [10];Group_44 [10];Group_45 [10];Group_46 [10];Group_47 [10];Group_48 [10];Group_49 [10];
Club_421 1;Club_335 1;Club_278 1;Club_142 1;Club_343 1;Club_280 2;Club_420 1;Club_114 1;Club_304 1;Club_77 1;Club_291 2;Club_405 2;Club_68 2;Club_416 1;Club_367 1;Club_241 1;Club_0 1;Club_311 1;Club_275 1;Club_258 3;Club_272 1;Club_178 2;Club_187 1;Club_209 1;Club_347 1;Club_411 3;Club_209 2;Club_228 2;Club_154 1;Club_244 1;Club_117 2;Club_314 2;Club_53 3;Club_18 4;Club_457 2;Club_393 1;Club_44 3;Club_163 1;Club_254 3;Club_84 1;Club_30 1;Club_4 2;Club_180 1;Club_325 1;Club_38 2;Club_215 3;Club_327 1;Club_145 1;Club_356 2;Club_291 6;
Club_291 1;Club_286 1;Club_276 1;Club_18 1;Club_6 1;Club_436 1;Club_392 1;Club_451 1;Club_262 1;Club_106 1;Club_425 1;Club_74 1;Club_415 1;Club_205 1;Club_314 1;Club_370 2;Club_437 2;Club_247 2;Club_34 1;Club_299 2;Club_64 2;Club_142 2;Club_161 1;Club_150 1;Club_368 1;Club_0 2;Club_206 1;Club_384 1;Club_495 1;Club_440 1;Club_184 2;Club_372 2;Club_416 3;Club_433 1;Club_447 1;Club_260 2;Club_455 1;Club_172 3;Club_41 1;Club_52 2;Club_297 1;Club_385 1;Club_71 1;Club_378 4;Club_472 3;Club_325 2;Club_462 3;Club_173 2;Club_455 2;Club_495 2;
Club_426 1;Club_287 1;Club_102 1;Club_73 1;Club_130 2;Club_85 1;Club_228 1;Club_307 1;Club_240 1;Club_352 1;Club_141 1;Club_204 1;Club_219 1;Club_31 1;Club_249 2;Club_215 1;Club_382 1;Club_374 1;Club_117 1;Club_475 1;Club_87 1;Club_486 1;Club_252 1;Club_326 1;Club_472 2;Club_197 2;Club_205 2;Club_62 1;Club_91 1;Club_444 2;Club_465 1;Club_72 1;Club_407 1;Club_291 4;Club_310 2;Club_453 1;Club_179 2;Club_383 1;Club_344 1;Club_291 5;Club_242 1;Club_333 1;Club_374 3;Club_10 1;Club_76 4;Club_182 1;Club_153 1;Club_74 4;Club_472 4;Club_495 3;
Club_146 1;Club_339 1;Club_226 1;Club_429 1;Club_172 1;Club_230 1;Club_308 1;Club_435 1;Club_175 1;Club_491 1;Club_143 1;Club_421 3;Club_35 1;Club_316 1;Club_152 1;Club_359 2;Club_398 1;Club_121 3;Club_426 2;Club_60 2;Club_411 1;Club_416 2;Club_446 2;Club_76 2;Club_166 1;Club_347 2;Club_381 1;Club_16 1;Club_121 4;Club_437 3;Club_298 1;Club_185 3;Club_14 2;Club_45 1;Club_378 1;Club_201 1;Club_290 1;Club_381 2;Club_250 1;Club_77 2;Club_307 2;Club_59 1;Club_158 1;Club_305 1;Club_370 3;Club_11 2;Club_269 3;Club_243 1;Club_118 1;Club_41 2;
Club_448 1;Club_355 1;Club_389 1;Club_50 1;Club_310 1;Club_254 1;Club_404 1;Club_472 1;Club_251 1;Club_104 1;Club_82 1;Club_494 1;Club_249 1;Club_392 2;Club_395 1;Club_296 1;Club_446 1;Club_462 1;Club_369 3;Club_332 1;Club_224 1;Club_234 1;Club_25 1;Club_140 1;Club_316 2;Club_185 2;Club_392 4;Club_263 1;Club_85 2;Club_176 1;Club_108 1;Club_264 1;Club_7 1;Club_90 1;Club_101 2;Club_378 2;Club_67 1;Club_356 1;Club_167 4;Club_82 2;Club_250 2;Club_287 3;Club_183 1;Club_142 4;Club_110 1;Club_379 2;Club_165 4;Club_401 2;Club_206 2;Club_258 4;
Club_421 2;Club_184 1;Club_38 1;Club_280 1;Club_303 1;Club_27 2;Club_53 1;Club_450 1;Club_321 1;Club_247 1;Club_4 1;Club_487 1;Club_254 2;Club_320 1;Club_18 3;Club_427 1;Club_392 3;Club_147 1;Club_173 1;Club_469 2;Club_424 1;Club_167 3;Club_362 1;Club_355 2;Club_470 1;Club_425 2;Club_442 1;Club_375 1;Club_364 1;Club_475 2;Club_101 1;Club_203 2;Club_462 2;Club_248 1;Club_360 2;Club_453 2;Club_159 1;Club_221 1;Club_95 1;Club_34 2;Club_94 1;Club_461 1;Club_454 2;Club_63 2;Club_349 1;Club_343 2;Club_420 3;Club_237 1;Club_421 4;Club_277 1;
Club_137 1;Club_490 1;Club_300 1;Club_27 1;Club_208 1;Club_498 1;Club_8 1;Club_437 1;Club_99 1;Club_167 1;Club_478 1;Club_51 1;Club_63 1;Club_156 1;Club_185 1;Club_64 1;Club_258 2;Club_99 2;Club_413 1;Club_484 1;Club_411 2;Club_412 1;Club_239 1;Club_44 2;Club_233 1;Club_55 1;Club_230 2;Club_99 3;Club_330 1;Club_22 2;Club_74 2;Club_479 1;Club_189 1;Club_156 2;Club_391 1;Club_75 1;Club_477 1;Club_18 5;Club_198 1;Club_374 2;Club_378 3;Club_186 1;Club_385 2;Club_387 1;Club_87 2;Club_36 1;Club_169 2;Club_423 1;Club_327 2;Club_49 1;
Club_274 1;Club_476 1;Club_130 1;Club_164 1;Club_405 1;Club_93 1;Club_24 1;Club_22 1;Club_273 1;Club_18 2;Club_370 1;Club_203 1;Club_295 1;Club_469 1;Club_60 1;Club_179 1;Club_360 1;Club_13 2;Club_251 2;Club_419 1;Club_207 1;Club_98 1;Club_177 1;Club_190 1;Club_474 1;Club_187 2;Club_425 3;Club_491 2;Club_454 1;Club_140 2;Club_33 1;Club_133 1;Club_215 2;Club_89 1;Club_375 2;Club_434 1;Club_441 1;Club_74 3;Club_295 2;Club_309 1;Club_279 1;Club_134 1;Club_330 2;Club_330 3;Club_86 1;Club_412 2;Club_304 2;Club_183 2;Club_373 1;Club_203 4;
Club_366 1;Club_457 1;Club_329 1;Club_13 1;Club_210 1;Club_44 1;Club_76 1;Club_115 1;Club_260 1;Club_9 1;Club_318 1;Club_68 1;Club_121 1;Club_315 1;Club_136 1;Club_444 1;Club_496 1;Club_287 2;Club_241 2;Club_167 2;Club_61 1;Club_379 1;Club_162 1;Club_53 2;Club_413 2;Club_14 1;Club_169 1;Club_302 1;Club_76 3;Club_52 1;Club_223 1;Club_172 2;Club_78 1;Club_116 1;Club_108 2;Club_133 2;Club_488 1;Club_204 2;Club_354 1;Club_407 2;Club_281 1;Club_90 2;Club_165 2;Club_285 1;Club_165 3;Club_150 2;Club_109 2;Club_240 2;Club_166 2;Club_477 2;
Club_485 1;Club_359 1;Club_178 1;Club_258 1;Club_396 1;Club_401 1;Club_197 1;Club_369 1;Club_269 1;Club_199 1;Club_380 1;Club_280 3;Club_299 1;Club_213 1;Club_291 3;Club_121 2;Club_420 2;Club_369 2;Club_151 1;Club_372 1;Club_388 1;Club_331 1;Club_161 2;Club_162 2;Club_51 2;Club_456 1;Club_142 3;Club_331 2;Club_425 4;Club_165 1;Club_121 5;Club_109 1;Club_466 1;Club_11 1;Club_438 1;Club_89 2;Club_157 1;Club_322 1;Club_321 2;Club_269 2;Club_400 1;Club_178 3;Club_181 1;Club_115 2;Club_272 2;Club_433 2;Club_203 3;Club_462 4;Club_341 1;Club_99 4;
;;;;;;;;;;;;;;;;;;;;;;;;;;;;;;;;;;;;;;;;;;;;;;;;;;
;;;;;;;;;;;;;;;;;;;;;;;;;;;;;;;;;;;;;;;;;;;;;;;;;;
;;;;;;;;;;;;;;;;;;;;;;;;;;;;;;;;;;;;;;;;;;;;;;;;;;
;;;;;;;;;;;;;;;;;;;;;;;;;;;;;;;;;;;;;;;;;;;;;;;;;;
