Group_0 [10];Group_1 [10];Group_2 [10];Group_3 [10];Group_4 [10];Group_5 [10];Group_6 [10];Group_7 [10];Group_8 [10];Group_9 [10];Group_10 [10];Group_11 [10];Group_12 [10];Group_13 [10];Group_14 [10];Group_15 [10];Group_16 [10];Group_17 [10];Group_18 [10];Group_19 [10];
Club_48 1;Club_33 1;Club_18 1;Club_48 2;Club_18 2;Club_9 1;Club_1 3;Club_30 1;Club_39 1;Club_45 6;Club_32 2;Club_4 4;Club_33 5;Club_29 1;Club_44 2;Club_13 4;Club_47 5;Club_31 1;Club_27 3;Club_3 3;
Club_6 1;Club_23 1;Club_26 2;Club_33 2;Club_27 1;Club_15 2;Club_33 3;Club_25 1;Club_26 4;Club_11 4;Club_34 2;Club_24 3;Club_22 3;Club_49 4;Club_47 4;Club_19 4;Club_35 6;Club_32 3;Club_42 4;Club_15 6;
Club_4 1;Club_45 1;Club_45 2;Club_48 3;Club_12 3;Club_28 2;Club_18 3;Club_46 3;Club_24 2;Club_32 1;Club_35 2;Club_44 1;Club_39 4;Club_18 4;Club_25 2;Club_35 4;Club_35 7;Club_36 2;Club_10 4;Club_20 2;
Club_10 1;Club_10 2;Club_17 1;Club_19 1;Club_49 1;Club_42 2;Club_46 2;Club_28 3;Club_49 2;Club_41 4;Club_43 5;Club_47 3;Club_15 3;Club_35 3;Club_23 2;Club_19 5;Club_27 2;Club_22 6;Club_41 7;Club_26 5;
Club_43 1;Club_42 1;Club_14 1;Club_47 1;Club_37 1;Club_13 1;Club_36 1;Club_14 4;Club_10 3;Club_16 3;Club_9 2;Club_49 3;Club_22 4;Club_9 3;Club_22 5;Club_41 6;Club_20 1;Club_4 5;Club_0 3;Club_49 7;
Club_26 1;Club_7 1;Club_14 2;Club_45 4;Club_1 1;Club_1 2;Club_11 2;Club_41 3;Club_33 4;Club_11 5;Club_16 4;Club_1 4;Club_43 6;Club_28 4;Club_21 1;Club_12 6;Club_15 5;Club_49 6;Club_43 8;Club_9 5;
Club_38 1;Club_5 1;Club_45 3;Club_26 3;Club_46 1;Club_14 3;Club_41 2;Club_19 2;Club_14 5;Club_0 2;Club_39 3;Club_1 5;Club_46 5;Club_6 2;Club_40 2;Club_35 5;Club_43 7;Club_35 8;Club_14 7;Club_9 6;
Club_12 1;Club_41 1;Club_38 3;Club_8 1;Club_15 1;Club_38 4;Club_24 1;Club_43 4;Club_19 3;Club_22 2;Club_13 2;Club_41 5;Club_38 5;Club_12 4;Club_9 4;Club_49 5;Club_17 2;Club_46 6;Club_13 5;Club_31 2;
Club_22 1;Club_43 2;Club_35 1;Club_28 1;Club_34 1;Club_16 1;Club_4 2;Club_45 5;Club_16 2;Club_3 1;Club_13 3;Club_3 2;Club_40 1;Club_8 2;Club_7 2;Club_45 7;Club_6 3;Club_7 3;Club_7 4;Club_32 4;
Club_38 2;Club_43 3;Club_12 2;Club_11 1;Club_5 2;Club_47 2;Club_11 3;Club_0 1;Club_4 3;Club_39 2;Club_42 3;Club_46 4;Club_14 6;Club_15 4;Club_12 5;Club_23 3;Club_25 3;Club_1 6;Club_36 3;Club_46 7;
;;;;;;;;;;;;;;;;;;;;
;;;;;;;;;;;;;;;;;;;;
;;;;;;;;;;;;;;;;;;;;
;;;;;;;;;;;;;;;;;;;;
