Group_0 [10];Group_1 [10];Group_2 [10];Group_3 [10];Group_4 [10];Group_5 [10];Group_6 [10];Group_7 [10];Group_8 [10];Group_9 [10];Group_10 [10];Group_11 [10];Group_12 [10];Group_13 [10];Group_14 [10];Group_15 [10];Group_16 [10];Group_17 [10];Group_18 [10];Group_19 [10];Group_20 [10];Group_21 [10];Group_22 [10];Group_23 [10];Group_24 [10];Group_25 [10];Group_26 [10];Group_27 [10];Group_28 [10];Group_29 [10];Group_30 [10];Group_31 [10];Group_32 [10];Group_33 [10];Group_34 [10];Group_35 [10];Group_36 [10];Group_37 [10];Group_38 [10];Group_39 [10];Group_40 [10];Group_41 [10];Group_42 [10];Group_43 [10];Group_44 [10];Group_45 [10];Group_46 [10];Group_47 [10];Group_48 [10];Group_49 [10];
Club_208 1;Club_99 1;Club_79 1;Club_68 1;Club_159 1;Club_240 1;Club_292 1;Club_263 1;Club_286 1;Club_204 1;Club_320 1;Club_263 2;Club_153 1;Club_39 1;Club_218 1;Club_295 1;Club_135 1;Club_125 2;Club_377 1;Club_320 2;Club_353 1;Club_469 1;Club_332 1;Club_42 1;Club_298 1;Club_13 1;Club_58 1;Club_452 1;Club_379 1;Club_13 2;Club_191 1;Club_91 2;Club_114 1;Club_464 2;Club_261 1;Club_35 1;Club_483 1;Club_466 1;Club_103 1;Club_94 2;Club_496 2;Club_217 1;Club_121 1;Club_1 1;Club_234 3;Club_103 2;Club_355 1;Club_411 3;Club_354 2;Club_149 2;
Club_65 1;Club_170 1;Club_12 1;Club_234 1;Club_220 1;Club_303 1;Club_46 1;Club_308 1;Club_90 1;Club_117 2;Club_330 1;Club_405 1;Club_494 3;Club_386 1;Club_59 1;Club_421 1;Club_167 1;Club_104 1;Club_430 1;Club_331 1;Club_411 2;Club_187 1;Club_146 2;Club_37 1;Club_37 2;Club_17 2;Club_296 2;Club_132 1;Club_101 1;Club_132 2;Club_361 1;Club_397 2;Club_281 1;Club_79 3;Club_20 4;Club_37 3;Club_437 1;Club_225 1;Club_8 2;Club_405 2;Club_192 1;Club_129 1;Club_7 2;Club_32 2;Club_99 3;Club_220 2;Club_106 3;Club_410 3;Club_40 1;Club_261 4;
Club_23 1;Club_329 1;Club_301 1;Club_337 1;Club_182 1;Club_447 1;Club_349 1;Club_260 1;Club_12 2;Club_327 1;Club_380 1;Club_410 1;Club_17 1;Club_179 1;Club_363 1;Club_236 1;Club_348 1;Club_339 1;Club_18 1;Club_477 2;Club_457 2;Club_372 1;Club_423 1;Club_212 1;Club_210 1;Club_299 1;Club_183 1;Club_157 1;Club_7 1;Club_157 2;Club_78 1;Club_172 1;Club_485 1;Club_39 2;Club_425 1;Club_376 2;Club_224 1;Club_160 1;Club_481 1;Club_201 1;Club_430 2;Club_20 5;Club_110 2;Club_284 1;Club_456 2;Club_424 4;Club_100 2;Club_433 1;Club_105 2;Club_175 2;
Club_424 1;Club_110 1;Club_440 1;Club_310 1;Club_120 1;Club_223 1;Club_213 1;Club_462 1;Club_239 1;Club_389 1;Club_95 1;Club_254 1;Club_175 1;Club_263 3;Club_246 1;Club_443 1;Club_453 1;Club_486 1;Club_147 1;Club_179 2;Club_223 3;Club_300 1;Club_179 3;Club_106 2;Club_272 1;Club_199 1;Club_22 1;Club_139 1;Club_145 1;Club_158 1;Club_111 2;Club_140 1;Club_171 1;Club_131 2;Club_63 2;Club_304 1;Club_375 1;Club_435 1;Club_46 2;Club_268 1;Club_335 1;Club_162 2;Club_119 1;Club_252 1;Club_145 2;Club_108 1;Club_226 1;Club_181 1;Club_212 4;Club_373 1;
Club_94 1;Club_146 1;Club_162 1;Club_396 1;Club_343 1;Club_138 1;Club_72 1;Club_196 1;Club_414 1;Club_143 1;Club_404 2;Club_407 1;Club_374 2;Club_185 1;Club_365 2;Club_420 1;Club_223 2;Club_480 1;Club_62 1;Club_259 1;Club_446 1;Club_106 1;Club_469 2;Club_122 1;Club_341 1;Club_267 1;Club_63 1;Club_402 1;Club_402 2;Club_301 2;Club_136 1;Club_461 2;Club_38 1;Club_183 2;Club_261 2;Club_78 2;Club_258 1;Club_440 2;Club_41 1;Club_16 2;Club_417 1;Club_420 2;Club_413 1;Club_59 2;Club_345 1;Club_470 1;Club_414 2;Club_162 3;Club_293 2;Club_461 3;
Club_208 2;Club_416 1;Club_374 1;Club_385 1;Club_91 1;Club_79 2;Club_141 1;Club_418 1;Club_311 1;Club_87 1;Club_216 1;Club_366 1;Club_422 1;Club_334 1;Club_43 1;Club_493 1;Club_32 1;Club_271 1;Club_253 1;Club_297 1;Club_33 2;Club_105 1;Club_464 1;Club_383 1;Club_309 1;Club_276 2;Club_310 2;Club_48 2;Club_348 2;Club_141 2;Club_21 2;Club_195 1;Club_336 1;Club_2 2;Club_311 3;Club_371 1;Club_155 1;Club_70 2;Club_69 1;Club_261 3;Club_410 2;Club_318 1;Club_311 4;Club_475 1;Club_45 1;Club_388 3;Club_84 2;Club_258 2;Club_456 3;Club_318 2;
Club_125 1;Club_60 1;Club_354 1;Club_117 1;Club_54 2;Club_365 1;Club_230 1;Club_21 1;Club_436 1;Club_463 1;Club_401 1;Club_33 1;Club_234 2;Club_294 1;Club_340 1;Club_489 1;Club_368 1;Club_282 1;Club_456 1;Club_376 1;Club_296 1;Club_20 3;Club_117 3;Club_424 3;Club_124 1;Club_381 1;Club_429 1;Club_12 3;Club_369 1;Club_33 3;Club_465 1;Club_8 1;Club_89 1;Club_9 1;Club_54 3;Club_156 1;Club_283 1;Club_100 1;Club_5 2;Club_165 1;Club_476 1;Club_335 2;Club_389 2;Club_107 1;Club_126 2;Club_19 1;Club_299 2;Club_12 4;Club_121 2;Club_166 4;
Club_16 1;Club_409 1;Club_359 1;Club_229 1;Club_450 1;Club_36 1;Club_214 1;Club_328 1;Club_20 1;Club_494 2;Club_90 2;Club_432 1;Club_118 1;Club_51 1;Club_265 1;Club_240 2;Club_388 2;Club_356 1;Club_166 1;Club_44 1;Club_20 2;Club_412 1;Club_126 1;Club_311 2;Club_93 2;Club_151 1;Club_149 1;Club_293 1;Club_176 1;Club_383 2;Club_194 1;Club_66 1;Club_113 1;Club_471 1;Club_198 1;Club_376 3;Club_469 3;Club_494 4;Club_327 2;Club_464 3;Club_276 3;Club_222 1;Club_177 1;Club_183 3;Club_281 2;Club_282 2;Club_223 4;Club_485 2;Club_357 2;Club_160 2;
Club_494 1;Club_54 1;Club_102 1;Club_404 1;Club_277 1;Club_350 1;Club_188 1;Club_378 1;Club_93 1;Club_123 1;Club_211 1;Club_487 1;Club_276 1;Club_31 1;Club_57 1;Club_478 1;Club_142 1;Club_5 1;Club_25 1;Club_274 1;Club_131 1;Club_397 1;Club_50 1;Club_255 1;Club_167 2;Club_488 1;Club_498 1;Club_286 2;Club_215 1;Club_50 2;Club_360 1;Club_436 2;Club_432 2;Club_113 2;Club_322 1;Club_245 1;Club_205 1;Club_212 3;Club_250 1;Club_178 1;Club_337 2;Club_64 1;Club_188 2;Club_166 3;Club_206 1;Club_6 2;Club_226 2;Club_30 1;Club_417 2;Club_9 2;
Club_242 1;Club_496 1;Club_228 1;Club_190 1;Club_388 1;Club_477 1;Club_285 1;Club_213 2;Club_461 1;Club_2 1;Club_424 2;Club_457 1;Club_48 1;Club_144 1;Club_411 1;Club_4 1;Club_31 2;Club_150 1;Club_111 1;Club_134 1;Club_123 2;Club_484 1;Club_70 1;Club_166 2;Club_330 2;Club_390 1;Club_51 2;Club_6 1;Club_445 1;Club_244 1;Club_212 2;Club_83 1;Club_34 1;Club_499 1;Club_444 1;Club_493 2;Club_17 3;Club_115 1;Club_346 1;Club_99 2;Club_84 1;Club_277 2;Club_357 1;Club_189 1;Club_483 2;Club_179 4;Club_216 2;Club_134 2;Club_153 2;Club_473 1;
;;;;;;;;;;;;;;;;;;;;;;;;;;;;;;;;;;;;;;;;;;;;;;;;;;
;;;;;;;;;;;;;;;;;;;;;;;;;;;;;;;;;;;;;;;;;;;;;;;;;;
;;;;;;;;;;;;;;;;;;;;;;;;;;;;;;;;;;;;;;;;;;;;;;;;;;
;;;;;;;;;;;;;;;;;;;;;;;;;;;;;;;;;;;;;;;;;;;;;;;;;;
